-- phpMyAdmin SQL Dump
-- version 4.8.3
-- https://www.phpmyadmin.net/
--
-- Host: localhost:8889
-- Generation Time: Apr 22, 2019 at 02:59 PM
-- Server version: 5.7.23
-- PHP Version: 7.2.10

SET SQL_MODE = "NO_AUTO_VALUE_ON_ZERO";
SET time_zone = "+00:00";

--
-- Database: `eapi`
--

-- --------------------------------------------------------

--
-- Table structure for table `migrations`
--

CREATE TABLE `migrations` (
  `id` int(10) UNSIGNED NOT NULL,
  `migration` varchar(255) COLLATE utf8mb4_unicode_ci NOT NULL,
  `batch` int(11) NOT NULL
) ENGINE=InnoDB DEFAULT CHARSET=utf8mb4 COLLATE=utf8mb4_unicode_ci;

--
-- Dumping data for table `migrations`
--

INSERT INTO `migrations` (`id`, `migration`, `batch`) VALUES
(8, '2014_10_12_000000_create_users_table', 1),
(9, '2014_10_12_100000_create_password_resets_table', 1),
(10, '2019_04_19_194834_create_products_table', 1),
(11, '2019_04_19_194902_create_reviews_table', 1);

-- --------------------------------------------------------

--
-- Table structure for table `password_resets`
--

CREATE TABLE `password_resets` (
  `email` varchar(255) COLLATE utf8mb4_unicode_ci NOT NULL,
  `token` varchar(255) COLLATE utf8mb4_unicode_ci NOT NULL,
  `created_at` timestamp NULL DEFAULT NULL
) ENGINE=InnoDB DEFAULT CHARSET=utf8mb4 COLLATE=utf8mb4_unicode_ci;

-- --------------------------------------------------------

--
-- Table structure for table `products`
--

CREATE TABLE `products` (
  `id` int(10) UNSIGNED NOT NULL,
  `name` varchar(255) COLLATE utf8mb4_unicode_ci NOT NULL,
  `detail` text COLLATE utf8mb4_unicode_ci NOT NULL,
  `price` int(11) NOT NULL,
  `stock` int(11) NOT NULL,
  `discount` int(11) NOT NULL,
  `created_at` timestamp NULL DEFAULT NULL,
  `updated_at` timestamp NULL DEFAULT NULL
) ENGINE=InnoDB DEFAULT CHARSET=utf8mb4 COLLATE=utf8mb4_unicode_ci;

--
-- Dumping data for table `products`
--

INSERT INTO `products` (`id`, `name`, `detail`, `price`, `stock`, `discount`, `created_at`, `updated_at`) VALUES
(1, 'officiis', 'Alias aut quia corrupti tempore officiis aut. Incidunt et ea dolor. Labore illo quia omnis sapiente animi modi quasi. Voluptatem tempora exercitationem sit qui corporis.', 387, 7, 20, '2019-04-22 12:56:09', '2019-04-22 12:56:09'),
(2, 'aut', 'Quod est placeat sed. Nam accusamus quas deserunt voluptates qui non. Explicabo consequatur quia dignissimos voluptates. Explicabo laborum nemo libero corrupti pariatur velit.', 404, 5, 29, '2019-04-22 12:56:09', '2019-04-22 12:56:09'),
(3, 'eveniet', 'Recusandae rerum maxime qui doloribus iusto ad. Qui aut hic quae sit voluptate. Vel vero et sit pariatur vel. Voluptas ut ea mollitia quam sint inventore. Ut eos aspernatur consequuntur minus.', 996, 8, 7, '2019-04-22 12:56:09', '2019-04-22 12:56:09'),
(4, 'omnis', 'Et voluptas rerum ab consectetur. Hic vitae qui nostrum quia neque enim impedit. Expedita est qui nostrum doloribus aut sint fugit.', 492, 8, 23, '2019-04-22 12:56:09', '2019-04-22 12:56:09'),
(5, 'omnis', 'Ut perspiciatis tenetur vero sed expedita. Incidunt eligendi velit id rerum minus ullam molestiae. Labore veniam commodi omnis ratione ab occaecati id accusantium. Et et consectetur harum eum.', 428, 2, 27, '2019-04-22 12:56:09', '2019-04-22 12:56:09'),
(6, 'aliquam', 'Sit possimus assumenda aut quod. Optio molestiae quo et ut et nulla rerum.', 946, 1, 4, '2019-04-22 12:56:09', '2019-04-22 12:56:09'),
(7, 'sit', 'Et asperiores velit cupiditate ipsam. Aut dolores laudantium cupiditate ducimus et quis optio. Perferendis illum aut necessitatibus expedita asperiores quisquam accusamus. Ipsum perferendis sed qui porro iure iste expedita consectetur.', 809, 0, 6, '2019-04-22 12:56:09', '2019-04-22 12:56:09'),
(8, 'beatae', 'Quos magni modi eligendi ad quo voluptas. Reiciendis laudantium quam eum. Officia ut deleniti reiciendis consequuntur minus corrupti quo. Voluptas sit ea doloribus optio assumenda.', 816, 6, 23, '2019-04-22 12:56:09', '2019-04-22 12:56:09'),
(9, 'tenetur', 'Praesentium aut est aut voluptas et. Modi soluta dolor voluptate quaerat possimus necessitatibus aut. Autem asperiores voluptatem sit laborum consequatur inventore sed. Possimus recusandae ut quas quo.', 858, 0, 30, '2019-04-22 12:56:09', '2019-04-22 12:56:09'),
(10, 'et', 'Asperiores temporibus qui facere sit voluptatem quae molestiae dolores. Nisi et voluptatem rerum reiciendis. Aperiam et eius qui itaque dolorem cupiditate tenetur. Tempore qui rerum maxime nulla vel placeat voluptates.', 241, 1, 23, '2019-04-22 12:56:09', '2019-04-22 12:56:09'),
(11, 'et', 'Sint enim quaerat earum quisquam molestiae. Modi sit rerum consequuntur. Dignissimos at illum dicta.', 387, 3, 15, '2019-04-22 12:56:09', '2019-04-22 12:56:09'),
(12, 'inventore', 'Error animi praesentium natus repudiandae id aut. Sequi reiciendis distinctio ex aspernatur et doloribus. Impedit et rerum autem dolorem officiis. Quasi dolorum quas aliquam ex omnis iusto sed dolor.', 981, 9, 4, '2019-04-22 12:56:09', '2019-04-22 12:56:09'),
(13, 'dolorem', 'Exercitationem in et suscipit animi et provident. Accusamus suscipit enim nobis nobis aliquid optio. Aperiam tenetur tenetur sed iusto inventore suscipit laudantium.', 553, 8, 28, '2019-04-22 12:56:09', '2019-04-22 12:56:09'),
(14, 'ab', 'Animi deleniti enim sed soluta voluptas. Nesciunt ratione voluptates ut facere ut voluptatem sint et. Et alias perferendis et laborum. Expedita harum sed laboriosam in voluptatem doloribus alias rerum.', 231, 3, 18, '2019-04-22 12:56:09', '2019-04-22 12:56:09'),
(15, 'a', 'Et excepturi omnis sint laborum nostrum. Consequatur expedita dolores aut suscipit nesciunt aperiam. Id nostrum omnis odit et ab. Nulla et perferendis sint rerum rerum eius blanditiis fugit.', 870, 9, 3, '2019-04-22 12:56:09', '2019-04-22 12:56:09'),
(16, 'quas', 'Sed in et quae in sunt. Voluptas vitae pariatur voluptatem quis optio laborum rerum. Sequi sunt aut fugiat assumenda quo. Qui nobis consequatur mollitia provident et.', 211, 8, 20, '2019-04-22 12:56:09', '2019-04-22 12:56:09'),
(17, 'dolor', 'Dolorem ea officia nostrum molestiae ducimus. Sunt aut possimus delectus quia. Dolorum quaerat ad distinctio quibusdam velit tenetur facilis.', 322, 0, 22, '2019-04-22 12:56:09', '2019-04-22 12:56:09'),
(18, 'aliquam', 'Magni explicabo rerum eum alias temporibus nulla ut quisquam. Aliquid enim dolor illo natus. Dolorum quia asperiores qui nihil voluptas. Reprehenderit iusto alias dignissimos porro voluptatem consequatur voluptatem. Voluptatibus voluptas qui praesentium sapiente.', 204, 5, 7, '2019-04-22 12:56:09', '2019-04-22 12:56:09'),
(19, 'qui', 'Ratione consectetur molestiae minus praesentium hic dolores omnis. Doloribus dolorum et voluptate iusto. Soluta quae qui aliquid voluptas. Assumenda quibusdam possimus ad repellat nam.', 826, 8, 21, '2019-04-22 12:56:09', '2019-04-22 12:56:09'),
(20, 'dolor', 'Omnis sit aut est placeat ut. Aliquam quia cum placeat. Officia dolorum ducimus eaque quia impedit.', 632, 2, 15, '2019-04-22 12:56:09', '2019-04-22 12:56:09'),
(21, 'voluptatibus', 'Qui praesentium dolores repellat sequi aperiam ex possimus. Laudantium labore perferendis est sit illo a eaque. Non magnam et illo qui. Aut cumque aut aliquam rem.', 173, 2, 28, '2019-04-22 12:56:09', '2019-04-22 12:56:09'),
(22, 'suscipit', 'Deserunt quia qui et quis quos voluptatem odio qui. Sed dicta error voluptas amet suscipit aliquid voluptatem. Excepturi impedit officiis error porro est adipisci voluptatem.', 624, 5, 24, '2019-04-22 12:56:09', '2019-04-22 12:56:09'),
(23, 'dignissimos', 'Enim saepe explicabo temporibus aliquid velit reprehenderit. Eius quidem aperiam velit officia nesciunt consequuntur doloremque. Quam dolorum qui sunt et dignissimos. Similique eos voluptatibus id molestiae esse aliquam. Veritatis corporis dolore itaque hic non.', 627, 5, 17, '2019-04-22 12:56:09', '2019-04-22 12:56:09'),
(24, 'omnis', 'Aut adipisci sed aut ut ut reprehenderit voluptate. Quo sint vitae aut voluptate. Quisquam earum consequatur quo ipsam non laboriosam. Ratione quis enim perspiciatis est a id.', 490, 3, 30, '2019-04-22 12:56:09', '2019-04-22 12:56:09'),
(25, 'fugiat', 'Numquam aperiam sed cupiditate delectus sunt nihil ad. Placeat rerum neque molestias est. Esse quia est sit id. Dolorum tenetur et cupiditate vero asperiores tenetur quod.', 705, 4, 20, '2019-04-22 12:56:09', '2019-04-22 12:56:09'),
(26, 'vel', 'Beatae nihil alias expedita consectetur. Voluptatem voluptatem in velit. Veritatis aliquid blanditiis eaque exercitationem. Qui vitae recusandae magni.', 128, 3, 18, '2019-04-22 12:56:09', '2019-04-22 12:56:09'),
(27, 'accusamus', 'Aliquid quae sed consectetur aut. Eaque molestias dolores aut fugiat. Consectetur iure ut aut error minus.', 101, 3, 8, '2019-04-22 12:56:09', '2019-04-22 12:56:09'),
(28, 'corporis', 'Voluptatem pariatur et et rerum magnam non modi. Corporis eaque sapiente dolorem doloremque ullam. Asperiores omnis corporis sed et a.', 122, 4, 24, '2019-04-22 12:56:09', '2019-04-22 12:56:09'),
(29, 'voluptas', 'Fugit suscipit quae et autem delectus ut dolor. Consequatur ut voluptatibus architecto quisquam quo et. Accusamus sit est magni soluta. Voluptatem laboriosam at cum assumenda beatae architecto laudantium voluptatem.', 407, 9, 17, '2019-04-22 12:56:09', '2019-04-22 12:56:09'),
(30, 'libero', 'Odio non voluptas odit fugiat aut. Ad est officiis mollitia ipsam exercitationem molestias illo. Omnis facilis voluptatem nobis qui quaerat non dolore.', 298, 2, 7, '2019-04-22 12:56:09', '2019-04-22 12:56:09'),
(31, 'animi', 'Est facilis sunt sit sit aut omnis deleniti. Cum amet facere hic ea consequatur et hic iste. Quibusdam quidem cumque quisquam et voluptatem labore aut maiores. Earum sit voluptatem recusandae eum porro quia non.', 864, 5, 13, '2019-04-22 12:56:09', '2019-04-22 12:56:09'),
(32, 'minima', 'Accusamus aut qui optio in facere cum omnis. Sit quaerat nobis aut beatae expedita. Modi est maxime rem at voluptates nesciunt blanditiis. Voluptas dolor quibusdam quisquam iure harum.', 270, 4, 28, '2019-04-22 12:56:09', '2019-04-22 12:56:09'),
(33, 'enim', 'Hic et enim nemo libero voluptas nihil. Velit consequatur rerum qui aspernatur et eaque non. Quo facilis eos aut aliquid debitis debitis quaerat. Voluptatem eaque provident modi quis sunt modi praesentium et. Dolores id aspernatur non et sit ea ut.', 408, 7, 19, '2019-04-22 12:56:09', '2019-04-22 12:56:09'),
(34, 'dolor', 'Odit nihil voluptatem necessitatibus quis quas dolore quam. Accusamus sint explicabo nobis ipsum dolorem saepe asperiores quo. Atque vel tempore consequatur quia.', 352, 6, 14, '2019-04-22 12:56:09', '2019-04-22 12:56:09'),
(35, 'cupiditate', 'Laborum cupiditate in ipsam voluptas enim animi saepe tenetur. Sapiente facilis omnis error quos doloremque. Autem neque sunt excepturi. Aut aliquam et rerum numquam eveniet possimus harum.', 946, 3, 8, '2019-04-22 12:56:09', '2019-04-22 12:56:09'),
(36, 'voluptas', 'Exercitationem quas quia quisquam assumenda. Dolores laboriosam quasi et at voluptatem vitae velit. Et autem sed vel veniam eum consequatur.', 743, 9, 7, '2019-04-22 12:56:09', '2019-04-22 12:56:09'),
(37, 'autem', 'Provident natus culpa id possimus sunt et. Nihil at consequatur veritatis deleniti neque natus. Necessitatibus asperiores molestias reiciendis expedita alias natus. Voluptatem eum alias amet repudiandae nisi. Aliquam et ea quaerat in omnis.', 573, 4, 15, '2019-04-22 12:56:09', '2019-04-22 12:56:09'),
(38, 'et', 'Beatae quas voluptatem error. Veniam veniam autem quod soluta quis non. Tempora repudiandae quo reprehenderit quaerat aliquid quo.', 297, 8, 27, '2019-04-22 12:56:09', '2019-04-22 12:56:09'),
(39, 'quae', 'Cupiditate temporibus deleniti aut ullam dicta in. Qui et magni rerum quia hic. Dolor aliquid voluptatibus ut temporibus.', 472, 6, 6, '2019-04-22 12:56:09', '2019-04-22 12:56:09'),
(40, 'quia', 'Facilis voluptas explicabo enim dolorem sunt consequuntur sunt et. Sed nesciunt sint maiores a. Optio vel reiciendis sed tempore. Sequi sint amet autem id tempora dolorum.', 134, 7, 11, '2019-04-22 12:56:09', '2019-04-22 12:56:09'),
(41, 'consectetur', 'Aliquam adipisci fuga id ea. Mollitia aut ut consequatur et laborum sunt officiis. Amet modi aliquid beatae vel. Aut sit autem consequatur nihil.', 234, 9, 20, '2019-04-22 12:56:09', '2019-04-22 12:56:09'),
(42, 'quo', 'Blanditiis fugiat hic facilis mollitia. Et maxime odio ducimus est dolor qui voluptatum eum. Necessitatibus assumenda libero et rerum.', 586, 6, 12, '2019-04-22 12:56:09', '2019-04-22 12:56:09'),
(43, 'exercitationem', 'Voluptatem tempora voluptatem distinctio est nemo reprehenderit sed voluptas. Aut quaerat nemo itaque voluptatum ut. Est rem voluptatem vero distinctio est blanditiis autem.', 255, 8, 10, '2019-04-22 12:56:09', '2019-04-22 12:56:09'),
(44, 'quia', 'Nesciunt et soluta voluptatem. Ut quisquam ea et aut. Sit molestiae architecto sed voluptatem at maiores ea.', 267, 5, 18, '2019-04-22 12:56:09', '2019-04-22 12:56:09'),
(45, 'consequatur', 'Quia voluptatem quia quod. Est dolores aut doloremque aliquid delectus aut. Voluptates dolor labore aliquid quis est culpa qui a.', 174, 5, 17, '2019-04-22 12:56:09', '2019-04-22 12:56:09'),
(46, 'exercitationem', 'Ut aperiam sint eius repudiandae. Quam quasi illo doloribus dolorem voluptas vel qui. Sint non dolor illum velit adipisci dolor. Et similique veritatis rerum dolore numquam dolorem eaque.', 901, 8, 15, '2019-04-22 12:56:09', '2019-04-22 12:56:09'),
(47, 'qui', 'Velit qui molestiae voluptatibus est molestiae. Illum sint omnis qui maiores saepe. Magnam quod alias id quaerat accusamus. Rerum explicabo aut quae mollitia est eaque.', 748, 6, 18, '2019-04-22 12:56:09', '2019-04-22 12:56:09'),
(48, 'quam', 'Omnis voluptatem iste assumenda quasi illo. Fuga vel autem iste nulla. Dolor facere a et. Ipsam aliquam minima tempore necessitatibus aliquam minima.', 591, 3, 7, '2019-04-22 12:56:09', '2019-04-22 12:56:09'),
(49, 'eos', 'Consequatur unde voluptates voluptates vel non alias tempora. Velit quae omnis enim accusamus facilis blanditiis. Nemo ullam sint corporis porro consectetur. Est ea quia rerum saepe enim.', 427, 2, 23, '2019-04-22 12:56:09', '2019-04-22 12:56:09'),
(50, 'iste', 'Sed et sapiente quae. Mollitia iste molestias excepturi et culpa dicta ipsa. Enim accusantium asperiores odit beatae voluptatem ratione. Magni voluptatem officia officia consequuntur.', 120, 4, 4, '2019-04-22 12:56:09', '2019-04-22 12:56:09');

-- --------------------------------------------------------

--
-- Table structure for table `reviews`
--

CREATE TABLE `reviews` (
  `id` int(10) UNSIGNED NOT NULL,
  `product_id` int(10) UNSIGNED NOT NULL,
  `customer` varchar(255) COLLATE utf8mb4_unicode_ci NOT NULL,
  `review` text COLLATE utf8mb4_unicode_ci NOT NULL,
  `star` int(11) NOT NULL,
  `created_at` timestamp NULL DEFAULT NULL,
  `updated_at` timestamp NULL DEFAULT NULL
) ENGINE=InnoDB DEFAULT CHARSET=utf8mb4 COLLATE=utf8mb4_unicode_ci;

--
-- Dumping data for table `reviews`
--

INSERT INTO `reviews` (`id`, `product_id`, `customer`, `review`, `star`, `created_at`, `updated_at`) VALUES
(1, 42, 'Aisha Volkman', 'Sunt omnis quia suscipit modi. Dolore autem assumenda deleniti. Molestiae dolore omnis cupiditate id.', 2, '2019-04-22 12:56:10', '2019-04-22 12:56:10'),
(2, 11, 'Price Reichert', 'Nobis hic et ea omnis ut ipsa. Ratione quo quibusdam voluptatem culpa velit ipsam ut architecto. Amet iusto modi ratione consequatur eos corrupti. Velit et natus dolor laborum debitis cupiditate.', 4, '2019-04-22 12:56:10', '2019-04-22 12:56:10'),
(3, 41, 'Irma Vandervort DVM', 'Illum qui eius reprehenderit. Laboriosam vel rerum minima fuga. Consequuntur quo velit repellat eum nemo. Saepe est doloribus ut odio rerum ut.', 4, '2019-04-22 12:56:10', '2019-04-22 12:56:10'),
(4, 20, 'Shaniya Lesch', 'Temporibus similique qui sed quibusdam natus aut dolores. Aut voluptatem eveniet reprehenderit voluptatum dolorem est quis. Unde deleniti cupiditate dolore occaecati quasi aut consequatur. Tenetur a impedit ut ea sapiente impedit.', 5, '2019-04-22 12:56:10', '2019-04-22 12:56:10'),
(5, 40, 'Viva McLaughlin', 'Esse facilis laudantium culpa quia praesentium non. Fugiat temporibus iure voluptate quas dolorum. Consequatur nemo est consequatur quis porro ipsum unde.', 3, '2019-04-22 12:56:10', '2019-04-22 12:56:10'),
(6, 19, 'Eva Hoppe', 'Et dolorem occaecati unde veniam pariatur. Atque ea sed voluptatem sit eaque. Quis sapiente minima ipsa fugiat. Neque voluptas nesciunt debitis rem.', 2, '2019-04-22 12:56:10', '2019-04-22 12:56:10'),
(7, 21, 'Lela Hansen', 'Assumenda eaque architecto mollitia delectus assumenda ipsum. Et eveniet non vel nisi animi aut error. Qui qui consequatur reiciendis nulla quidem accusantium. Autem ducimus voluptas aut debitis praesentium temporibus.', 5, '2019-04-22 12:56:10', '2019-04-22 12:56:10'),
(8, 30, 'Bette Aufderhar', 'Repellendus neque distinctio et officia unde. Quos sit rem sequi saepe. Maiores quia accusamus ipsam accusantium et et ipsam. Commodi velit autem earum et vitae. Harum adipisci nihil et ipsum.', 2, '2019-04-22 12:56:10', '2019-04-22 12:56:10'),
(9, 8, 'Amira Mills', 'Error tenetur dolorum aut vel ullam a eos ut. Et in sed et. Voluptatem aut aliquid aliquam facilis sequi ea quia.', 5, '2019-04-22 12:56:10', '2019-04-22 12:56:10'),
(10, 13, 'Brown Feest', 'Itaque minima nisi et id illum dolore. Molestiae perspiciatis dolores vel eos. Alias vero nesciunt commodi non. Dignissimos alias reiciendis velit suscipit.', 1, '2019-04-22 12:56:10', '2019-04-22 12:56:10'),
(11, 35, 'Perry Carter', 'Ducimus tempora esse vel. Sit unde qui tenetur. Ipsa repellat est iure consequatur dolor. Et sunt id quo ab. Similique explicabo molestias quidem qui officiis rerum aut et.', 3, '2019-04-22 12:56:10', '2019-04-22 12:56:10'),
(12, 21, 'Tiffany Nicolas MD', 'Ut quo vel dolores possimus eum rerum. Quidem rerum sapiente perferendis est maiores aut soluta. Et sit sint distinctio neque ut doloribus. Adipisci aut ab sit aut odio. Esse explicabo excepturi repellendus excepturi quae ipsam libero.', 5, '2019-04-22 12:56:10', '2019-04-22 12:56:10'),
(13, 7, 'Jacques Kautzer MD', 'Molestias quam ea quia et sed voluptatem et. Officiis qui quia reprehenderit. Eius voluptas cumque ut ipsum excepturi enim officia. Corporis molestias omnis doloremque voluptas minima earum voluptatem.', 5, '2019-04-22 12:56:10', '2019-04-22 12:56:10'),
(14, 6, 'Pamela Blick', 'Quo sequi facilis iusto magni consectetur. Et sed atque voluptatem earum. Dolorum illo quod natus aperiam assumenda velit qui quaerat.', 0, '2019-04-22 12:56:10', '2019-04-22 12:56:10'),
(15, 20, 'Dr. Christ Altenwerth I', 'Suscipit dolores et alias labore qui autem. Reprehenderit ad porro tempora perferendis voluptas nam sint. Ut eos ratione sunt minima perspiciatis. Consequatur consequuntur facere beatae eos voluptatum sit.', 1, '2019-04-22 12:56:10', '2019-04-22 12:56:10'),
(16, 10, 'Ms. Muriel Schiller', 'Soluta esse eius et. Error accusantium et eum eum sint ad. Necessitatibus vel omnis velit odio aliquam corrupti.', 2, '2019-04-22 12:56:10', '2019-04-22 12:56:10'),
(17, 37, 'Freeda Dach', 'Dolor cupiditate quae atque provident rem dolorum. Autem accusamus qui praesentium molestiae provident. Assumenda sit unde voluptatibus recusandae.', 3, '2019-04-22 12:56:10', '2019-04-22 12:56:10'),
(18, 42, 'Ronny Balistreri', 'Esse impedit ullam esse laboriosam impedit. Dolores praesentium eum pariatur et et. Ex autem quia ut alias.', 2, '2019-04-22 12:56:10', '2019-04-22 12:56:10'),
(19, 40, 'Larissa Howell', 'Totam dolore soluta ea molestias architecto reprehenderit nisi tempore. Quisquam repellat maiores qui molestias iusto. Odio temporibus cumque labore quisquam ea enim reiciendis. Earum qui autem est dolor aspernatur amet et.', 5, '2019-04-22 12:56:10', '2019-04-22 12:56:10'),
(20, 26, 'Cloyd Tillman DDS', 'Fugiat est ut beatae omnis. Sint dolore repellat aut quaerat. Unde facere non quas adipisci sint velit ratione.', 4, '2019-04-22 12:56:10', '2019-04-22 12:56:10'),
(21, 9, 'Jaylen Bogan', 'Commodi totam porro molestiae quisquam itaque aut. Dolore quaerat quia dolores unde dolores odio aperiam. Vero eius ea consequatur deleniti.', 0, '2019-04-22 12:56:10', '2019-04-22 12:56:10'),
(22, 25, 'Jayden Wisozk', 'Soluta explicabo totam qui dolorem laborum. Placeat vitae quo quis saepe expedita. Velit iusto ullam repellat. Minima tempore sequi sint sequi at eos expedita.', 3, '2019-04-22 12:56:10', '2019-04-22 12:56:10'),
(23, 42, 'Jaunita Bartoletti', 'Officiis est atque similique sit. Commodi deleniti est debitis dolor quisquam quo et eligendi. Laboriosam consequatur fuga quia sint ut esse repudiandae.', 1, '2019-04-22 12:56:10', '2019-04-22 12:56:10'),
(24, 14, 'Prof. Lorenz Emard Sr.', 'Consectetur fuga mollitia quibusdam tenetur. Quod optio porro in. Aut sit dolore voluptatem architecto natus est voluptas. Consequatur occaecati est quaerat voluptatem accusantium provident.', 0, '2019-04-22 12:56:10', '2019-04-22 12:56:10'),
(25, 24, 'Michale Hegmann MD', 'Quos doloremque maiores soluta non similique quas. Possimus temporibus quis nihil qui.', 5, '2019-04-22 12:56:10', '2019-04-22 12:56:10'),
(26, 35, 'Jazmyne Prohaska', 'Rerum veniam et ipsa. Voluptate molestiae tempore tempora nemo. Est cumque ut commodi molestias.', 5, '2019-04-22 12:56:10', '2019-04-22 12:56:10'),
(27, 3, 'Myron Hauck', 'Est accusantium commodi est tempora et nobis. Id provident aut tempora facere quisquam non fugit. Sed est sint et placeat eveniet corporis. Voluptatem quidem voluptatibus omnis ut voluptatum soluta.', 3, '2019-04-22 12:56:10', '2019-04-22 12:56:10'),
(28, 38, 'Kristy Heathcote', 'Molestiae impedit asperiores perspiciatis id a eius. Aut ullam dolor voluptatem natus. Fugiat et iusto sit autem.', 1, '2019-04-22 12:56:10', '2019-04-22 12:56:10'),
(29, 28, 'Miss April Stoltenberg I', 'Praesentium sint in mollitia nulla dolores qui. Quibusdam inventore inventore accusamus aut sit eveniet.', 3, '2019-04-22 12:56:10', '2019-04-22 12:56:10'),
(30, 26, 'Harry Terry', 'In error numquam asperiores neque nihil quaerat vel. Facilis nostrum eius ipsam sequi natus ut qui. Eos ut neque iusto et placeat dolorum.', 3, '2019-04-22 12:56:10', '2019-04-22 12:56:10'),
(31, 15, 'Jarrett Littel', 'Quia dolor expedita itaque modi qui. Expedita dolores omnis eos impedit sint quas reiciendis ratione. Esse occaecati tenetur molestias commodi et quis.', 2, '2019-04-22 12:56:10', '2019-04-22 12:56:10'),
(32, 19, 'Dr. Albertha Carter', 'Cupiditate nostrum tempora nesciunt sed et sit. Minima nam omnis sint. Laudantium rerum esse qui libero. Neque voluptatum illum adipisci maxime sint omnis.', 4, '2019-04-22 12:56:10', '2019-04-22 12:56:10'),
(33, 20, 'Houston Johnston', 'Rem et quis hic quod atque corporis. Asperiores qui vel enim omnis rerum ea sit. Sunt architecto ut est ut omnis vitae.', 2, '2019-04-22 12:56:10', '2019-04-22 12:56:10'),
(34, 27, 'Miss Mia Nolan V', 'Tempore placeat et itaque dolore. Atque eum suscipit est. Consequuntur repellat vel repellat cupiditate ut. Laudantium esse et maiores et. Placeat voluptatem minima et quia.', 3, '2019-04-22 12:56:10', '2019-04-22 12:56:10'),
(35, 5, 'Kristina Hansen', 'Distinctio facere assumenda qui nihil omnis nihil. Consequatur eveniet sint dolores illo quia qui. Doloribus iste facere repellendus aut.', 4, '2019-04-22 12:56:10', '2019-04-22 12:56:10'),
(36, 7, 'Blair Morar', 'Est minima vel aut id provident vero perspiciatis minima. Non quia et minima dolorum sequi quaerat et. Tenetur tempora id suscipit et ut quod ea illo.', 0, '2019-04-22 12:56:10', '2019-04-22 12:56:10'),
(37, 42, 'Rossie Mitchell', 'Dolores animi quis omnis nam et. Fugit qui aliquid unde nostrum dolor quibusdam hic. Cumque animi impedit ducimus. Magnam voluptatem qui assumenda porro nam.', 1, '2019-04-22 12:56:10', '2019-04-22 12:56:10'),
(38, 5, 'Harley Marquardt', 'Explicabo doloremque necessitatibus hic voluptatem magnam. Ipsam sint maiores qui accusantium laborum aliquid temporibus. Et ratione rerum velit fugiat. Deserunt vitae cum aliquam quibusdam et magni consequatur dolor. Est dolores sapiente voluptas tenetur et.', 2, '2019-04-22 12:56:10', '2019-04-22 12:56:10'),
(39, 35, 'Mrs. Leola Abshire DDS', 'Consequatur maiores illo dicta qui. Officia asperiores incidunt eveniet vero fugit et adipisci.', 3, '2019-04-22 12:56:10', '2019-04-22 12:56:10'),
(40, 38, 'Liliana Hettinger', 'Molestiae qui optio sunt cupiditate dolores officiis voluptatem. Sequi ullam ad magnam atque rerum quo non. Esse id laborum recusandae ea numquam iusto.', 0, '2019-04-22 12:56:10', '2019-04-22 12:56:10'),
(41, 22, 'Colin Balistreri', 'Asperiores quia enim distinctio dicta. Non voluptates corrupti id quo et non quas. Quis ducimus voluptatum optio ipsum.', 2, '2019-04-22 12:56:10', '2019-04-22 12:56:10'),
(42, 6, 'Giles Hahn', 'Nihil eos sint ut reprehenderit possimus. Nihil iure optio corrupti consequatur repellat veniam. Dolorem accusamus aperiam pariatur occaecati. Minima est non nobis rerum iusto rerum. Atque dolores laborum similique itaque quia ut sed.', 0, '2019-04-22 12:56:10', '2019-04-22 12:56:10'),
(43, 6, 'Mrs. Kristina Blick', 'Aut maiores nisi porro sunt consequatur ipsa. Est qui et sed sed facere. Cum libero occaecati quis itaque omnis. Laudantium officia aperiam vel totam incidunt.', 0, '2019-04-22 12:56:10', '2019-04-22 12:56:10'),
(44, 13, 'Beaulah Padberg', 'Amet dolorem dolor dolor et sit corrupti animi. Saepe minima facilis temporibus veritatis optio quo tempora eaque. Tempora consequatur aspernatur laborum sapiente. Perferendis dolor sit dicta error.', 4, '2019-04-22 12:56:10', '2019-04-22 12:56:10'),
(45, 4, 'Hans Kovacek', 'Et quia alias est ad non ex. Dolores facere deserunt tenetur debitis dolorem recusandae. Dolor quae provident facilis. Perferendis aliquam et odio et in dolor sed.', 5, '2019-04-22 12:56:10', '2019-04-22 12:56:10'),
(46, 23, 'Prof. Alexandrine Runolfsdottir IV', 'Id aut laborum consectetur sed nemo. Nihil quae hic tenetur enim pariatur nihil. Nisi at nam eos eum nostrum ab labore. Ipsum quis et perspiciatis eaque maiores impedit ex.', 4, '2019-04-22 12:56:10', '2019-04-22 12:56:10'),
(47, 5, 'Fermin Bartell', 'Provident iusto voluptatem quae est iure. Libero exercitationem ipsam corrupti et eos quia amet. Qui quia quaerat repellendus architecto.', 2, '2019-04-22 12:56:10', '2019-04-22 12:56:10'),
(48, 17, 'Pearline Wisozk II', 'Esse est aperiam assumenda nobis culpa dignissimos. Dolorum sint laborum quo dolorum. Recusandae modi deleniti aut. Nihil sint beatae illo aspernatur nesciunt quidem reiciendis. Non consequuntur iusto recusandae aut aut cumque rerum.', 3, '2019-04-22 12:56:10', '2019-04-22 12:56:10'),
(49, 33, 'Lulu Von', 'Sequi reprehenderit nam qui voluptate voluptas. Quidem nihil quasi perferendis sed doloribus magni cupiditate est. In natus tenetur dolores inventore qui.', 5, '2019-04-22 12:56:10', '2019-04-22 12:56:10'),
(50, 13, 'Einar Connelly', 'Laboriosam alias quod provident odit. Praesentium numquam eos molestias sapiente. Consequatur odio eveniet similique amet eum doloremque officiis. Doloremque officiis perspiciatis officia iusto reprehenderit quisquam quia. Vitae architecto quasi perferendis.', 5, '2019-04-22 12:56:10', '2019-04-22 12:56:10'),
(51, 17, 'Prof. Cali Rolfson IV', 'Perspiciatis quae vel itaque asperiores modi cupiditate ut. Dolorem dolore aspernatur vero dolor illo eveniet ut. Aut perspiciatis dolorem et quis necessitatibus et. Odit tempore quis voluptatem deleniti suscipit eos. Ex totam sed explicabo tempore autem aut.', 5, '2019-04-22 12:56:10', '2019-04-22 12:56:10'),
(52, 14, 'Allie Hamill', 'Culpa quis suscipit omnis est similique dolores. Deserunt est est et et inventore et et aperiam. Quia corporis maxime tempore amet.', 0, '2019-04-22 12:56:10', '2019-04-22 12:56:10'),
(53, 4, 'Deshaun Wehner I', 'Aliquam officiis maiores impedit aspernatur eligendi. Illum ut reprehenderit atque enim dolorem. Autem porro aspernatur explicabo corrupti dolore quisquam dolores.', 0, '2019-04-22 12:56:10', '2019-04-22 12:56:10'),
(54, 34, 'Prof. Enrique Crist PhD', 'Laudantium nihil est ab error asperiores ipsa velit. Unde quia molestias dolorum soluta fugiat. Animi quia aperiam id quae non quia ullam.', 4, '2019-04-22 12:56:10', '2019-04-22 12:56:10'),
(55, 49, 'Ottis Gusikowski', 'Voluptatibus quam blanditiis laborum minus occaecati sint. Nam natus modi vero et numquam animi doloremque. Alias qui eaque sit amet.', 2, '2019-04-22 12:56:10', '2019-04-22 12:56:10'),
(56, 15, 'Gail Wehner', 'Dolore rerum quis velit debitis maiores. Quia consequatur sint totam omnis distinctio. Exercitationem dolor est est nam non dolorum. Expedita voluptates aliquam voluptas optio numquam architecto voluptatem libero.', 3, '2019-04-22 12:56:10', '2019-04-22 12:56:10'),
(57, 23, 'Prof. Grayson Terry V', 'Culpa in rerum qui et. Molestias quo est suscipit ut sit commodi. Voluptatem ex doloribus magnam temporibus.', 3, '2019-04-22 12:56:10', '2019-04-22 12:56:10'),
(58, 26, 'Abigale Cassin', 'Ullam repudiandae voluptas voluptatem explicabo et. Earum velit unde enim veniam odio est deserunt. Doloribus explicabo dolorum nihil occaecati quisquam reiciendis reprehenderit.', 0, '2019-04-22 12:56:10', '2019-04-22 12:56:10'),
(59, 50, 'Jordy Schaefer DVM', 'Est ipsam odit sint sed tenetur atque sit. Quia eos sunt qui. Est laudantium odio modi in impedit id magni. Enim adipisci corrupti repellat amet tempore et at.', 2, '2019-04-22 12:56:10', '2019-04-22 12:56:10'),
(60, 42, 'Reuben Schultz V', 'Earum minus quas cumque cumque nam. Dolor enim vitae eius vitae cum nihil libero. Cum voluptatem perferendis ducimus nisi odit et suscipit ullam. Praesentium repudiandae ea eos ad labore possimus.', 2, '2019-04-22 12:56:10', '2019-04-22 12:56:10'),
(61, 25, 'Mabelle Wyman', 'Culpa ut amet sed fuga voluptas. Velit beatae sunt fuga dolores id voluptatum soluta. Cum asperiores est excepturi libero corporis nihil saepe ducimus. Iste et et explicabo sit.', 2, '2019-04-22 12:56:10', '2019-04-22 12:56:10'),
(62, 12, 'Dr. Kaci Hirthe', 'Mollitia recusandae ut earum ipsum ab eos delectus. Et et saepe dolorem cum non a. Sit praesentium ut et voluptas.', 5, '2019-04-22 12:56:10', '2019-04-22 12:56:10'),
(63, 31, 'Shayna Cummings', 'Aliquam atque possimus accusamus exercitationem minus officiis voluptatem. Provident ea ad voluptatem tenetur reiciendis non ducimus officiis. Pariatur eum voluptatum rerum repellat.', 1, '2019-04-22 12:56:10', '2019-04-22 12:56:10'),
(64, 39, 'Prof. Eduardo Abernathy', 'Nam sit velit nobis reprehenderit sint. Molestiae aut et error facere mollitia explicabo. Officia repellendus fuga eos in qui voluptas.', 5, '2019-04-22 12:56:10', '2019-04-22 12:56:10'),
(65, 3, 'Adolph Sauer II', 'Inventore corporis quibusdam et saepe corrupti velit qui dicta. Nesciunt non aspernatur a perferendis corporis quam aut quia. Ut aspernatur nulla illum dolor. Nihil qui consequatur est numquam eveniet eligendi qui.', 3, '2019-04-22 12:56:10', '2019-04-22 12:56:10'),
(66, 6, 'Howell Schamberger', 'Et nulla quaerat et et ut. Vero voluptas ratione ut. Non nihil vero non facilis tenetur. Aut optio placeat atque voluptas exercitationem consequatur.', 0, '2019-04-22 12:56:10', '2019-04-22 12:56:10'),
(67, 12, 'Jeanette Gulgowski', 'Sed eligendi suscipit nobis quas enim. Facilis odio doloremque doloremque sed.', 3, '2019-04-22 12:56:10', '2019-04-22 12:56:10'),
(68, 33, 'Miss Karolann Bayer DDS', 'Reiciendis eum consequatur ipsam exercitationem fugiat. Commodi ab consequatur vel optio. Sint hic ad ex molestias accusantium dicta.', 3, '2019-04-22 12:56:10', '2019-04-22 12:56:10'),
(69, 36, 'Kiarra Douglas', 'Fugit doloremque ratione nulla beatae nostrum ratione rerum porro. Impedit quas quod est deleniti. Commodi exercitationem debitis voluptas maxime et at optio. Et molestiae commodi quidem ut.', 1, '2019-04-22 12:56:10', '2019-04-22 12:56:10'),
(70, 4, 'Ashlynn Feil', 'In aut cupiditate reprehenderit sint et corporis non. Et illum ut qui ut sed incidunt. Illum ut enim odio est et.', 2, '2019-04-22 12:56:10', '2019-04-22 12:56:10'),
(71, 20, 'Keshawn Buckridge', 'Sequi tenetur tenetur reprehenderit optio atque. Suscipit eos laboriosam dolorem id ut ut. Error ut odio nostrum ea.', 1, '2019-04-22 12:56:10', '2019-04-22 12:56:10'),
(72, 19, 'Cayla Ebert', 'Aliquid soluta et ab dolorem et dolor et et. Ut voluptas non veniam dolores cum unde omnis fuga. Qui laborum molestiae assumenda cupiditate recusandae voluptatem. Sit itaque dicta non laborum vitae ut. Optio velit expedita ea ullam rerum laborum eaque qui.', 0, '2019-04-22 12:56:10', '2019-04-22 12:56:10'),
(73, 20, 'Theodora Legros', 'Modi quas vero a porro ab quos possimus praesentium. Distinctio necessitatibus est autem natus. Qui esse commodi voluptas impedit commodi itaque.', 4, '2019-04-22 12:56:10', '2019-04-22 12:56:10'),
(74, 3, 'Shawna Maggio', 'Et in in enim similique. Ipsum voluptatibus inventore similique qui quidem quia. Aut fugit recusandae consequatur nihil sequi saepe. Ut laboriosam deleniti enim beatae. Unde sunt earum quaerat et aut nisi.', 1, '2019-04-22 12:56:10', '2019-04-22 12:56:10'),
(75, 10, 'Sydni Green', 'Laudantium voluptatum sapiente error et mollitia. Sint omnis quis deserunt maxime sint dolorem accusantium ut. Et nulla non voluptatum. Quibusdam in et odit non.', 4, '2019-04-22 12:56:10', '2019-04-22 12:56:10'),
(76, 15, 'Dolly Bruen', 'Magni et rerum dolore ut aut dolore. Minus nihil voluptatem perspiciatis recusandae vero. Cupiditate sint molestias aut consequuntur aut ea cum.', 2, '2019-04-22 12:56:10', '2019-04-22 12:56:10'),
(77, 48, 'Miss Jude Watsica Jr.', 'Omnis voluptas ut veritatis voluptates corporis tempore. Et sed consequuntur omnis doloremque et dolores commodi. Pariatur et culpa eos in aspernatur veniam consectetur fugiat. Voluptatibus laudantium accusamus dolor amet totam labore.', 5, '2019-04-22 12:56:10', '2019-04-22 12:56:10'),
(78, 37, 'Meggie Daniel Sr.', 'Est id odit in rerum similique. Rem odit nulla enim qui consectetur accusamus. Id corporis et aut magnam at consequatur.', 0, '2019-04-22 12:56:10', '2019-04-22 12:56:10'),
(79, 17, 'Asa Rau', 'Dolorem velit enim sit quaerat. Fuga quia ad voluptatem deleniti earum temporibus. Sint doloribus a accusamus et cum amet cumque. Omnis earum ipsum qui quae quisquam nihil fugiat.', 0, '2019-04-22 12:56:10', '2019-04-22 12:56:10'),
(80, 38, 'Ms. Elissa Grady', 'Delectus quo et sed nostrum rerum rerum. Doloremque cupiditate magni laborum aut incidunt rem omnis ut.', 0, '2019-04-22 12:56:10', '2019-04-22 12:56:10'),
(81, 1, 'Aurelie D\'Amore', 'Cumque corrupti doloribus facere voluptatem. Eos perspiciatis labore non ut quisquam nihil.', 5, '2019-04-22 12:56:10', '2019-04-22 12:56:10'),
(82, 47, 'Flavie Zemlak', 'Similique consequuntur ratione ut velit vel eum qui. Sed libero quaerat sapiente rerum doloribus unde quisquam. Ut quae odio laboriosam. Consequuntur adipisci quia explicabo temporibus a autem.', 3, '2019-04-22 12:56:10', '2019-04-22 12:56:10'),
(83, 5, 'Abbigail Murray', 'Dignissimos numquam non saepe. Ut est labore molestiae aperiam blanditiis dolor dolorem quaerat. Et sed sed voluptatem libero qui. Officiis laborum repellendus dolor dolores eligendi et.', 1, '2019-04-22 12:56:10', '2019-04-22 12:56:10'),
(84, 30, 'Dr. Savannah Borer Sr.', 'Est ut quia dolore ab vel laudantium temporibus. Soluta quibusdam aspernatur magni nostrum illo. Exercitationem qui tempora perspiciatis voluptatem veritatis. Blanditiis ratione est id.', 2, '2019-04-22 12:56:10', '2019-04-22 12:56:10'),
(85, 41, 'Mrs. Annabel Auer DDS', 'Est voluptas tempora illum eaque. Esse enim culpa harum corrupti sequi. Saepe labore eos mollitia ab. Ut sit dolor ad quis at molestias distinctio repellat.', 0, '2019-04-22 12:56:10', '2019-04-22 12:56:10'),
(86, 30, 'Emiliano Schamberger Sr.', 'Ea non qui consequatur exercitationem molestias consequatur ex vel. Eum corporis eligendi rerum voluptatem quia labore tempora. Sit quia maiores nostrum. Nesciunt consequatur reprehenderit quaerat rerum. Qui nihil porro totam accusantium.', 3, '2019-04-22 12:56:10', '2019-04-22 12:56:10'),
(87, 6, 'Mrs. Ofelia Considine', 'Sit vel quo amet a. Eos consequuntur suscipit deserunt. Quo est at ad eaque et illum. Ab et eius aliquid sit occaecati at voluptatem.', 3, '2019-04-22 12:56:10', '2019-04-22 12:56:10'),
(88, 28, 'Otis Green', 'Impedit omnis quisquam sit. Earum deserunt repellendus cum libero veritatis. Aut ut explicabo quia doloribus. Sint officia doloribus excepturi numquam.', 4, '2019-04-22 12:56:10', '2019-04-22 12:56:10'),
(89, 46, 'Valentina Reichel', 'Rem culpa dolor atque iusto modi. Nulla deserunt et sit iste sint totam. Dolor deleniti minus maxime similique quo.', 3, '2019-04-22 12:56:10', '2019-04-22 12:56:10'),
(90, 33, 'Prof. Chasity DuBuque MD', 'Provident corrupti recusandae facere libero sed ut. Veniam esse ullam aut inventore. Ut eum et sequi delectus debitis aperiam. Ut commodi quis quidem sunt nisi aut.', 5, '2019-04-22 12:56:10', '2019-04-22 12:56:10'),
(91, 34, 'Mr. Michel Graham DVM', 'Omnis animi repellat maxime voluptatibus id sint. Impedit ea facilis ad dignissimos quis. Et numquam laudantium assumenda.', 1, '2019-04-22 12:56:10', '2019-04-22 12:56:10'),
(92, 34, 'Dr. Heath Mante', 'Ut illum asperiores aut distinctio. Fuga ut itaque minima exercitationem unde. Iste fugit cumque qui consectetur hic illum qui. Sint excepturi reprehenderit aut veritatis illo repellat et. Voluptatem et et non et quia optio.', 0, '2019-04-22 12:56:10', '2019-04-22 12:56:10'),
(93, 22, 'Prof. Christelle Cassin I', 'Quis officia odit molestias. Ut quam qui velit a rerum necessitatibus. Vel amet corrupti exercitationem facere minus consequatur et.', 2, '2019-04-22 12:56:10', '2019-04-22 12:56:10'),
(94, 10, 'Prof. Karlie Parisian', 'Nam sit numquam qui doloribus quo laborum. Eligendi iusto dicta beatae et consequatur. Voluptas facere maiores voluptatem sed dignissimos.', 4, '2019-04-22 12:56:10', '2019-04-22 12:56:10'),
(95, 8, 'Toni Maggio', 'Ab dolore error est ut repudiandae. Eum quas sit et perspiciatis. Minima sint natus totam odit sed non rerum est. Quis nam quam sequi vel.', 0, '2019-04-22 12:56:10', '2019-04-22 12:56:10'),
(96, 3, 'Christy Bartoletti', 'Tempore et sunt rerum qui dolor maiores. Eaque repudiandae adipisci quisquam voluptate. Temporibus vel quis eligendi voluptatem autem libero velit velit. Sit temporibus consequatur vero vitae iure aspernatur nihil.', 3, '2019-04-22 12:56:10', '2019-04-22 12:56:10'),
(97, 29, 'Dr. Harrison Oberbrunner', 'Accusamus doloremque consequatur dolorum quas cum eum. Quod pariatur perspiciatis reprehenderit est dolore natus. Nesciunt voluptatem et voluptatem et. Ea in voluptates perferendis molestiae tenetur est et.', 2, '2019-04-22 12:56:10', '2019-04-22 12:56:10'),
(98, 12, 'Gladyce Fadel', 'Delectus rerum voluptatem laudantium deserunt sit et. Minus sed quo unde itaque laborum eius quisquam. Culpa porro tempora vel voluptatem sit officiis dolores.', 1, '2019-04-22 12:56:10', '2019-04-22 12:56:10'),
(99, 16, 'Dr. Kennith Hand I', 'Laudantium aperiam ducimus recusandae at voluptate est. Earum qui consequatur numquam. Voluptas aut rem provident at voluptate quas commodi. Cumque labore cumque eveniet provident delectus. Placeat id voluptas sit adipisci ipsa.', 0, '2019-04-22 12:56:10', '2019-04-22 12:56:10'),
(100, 19, 'Hudson Doyle', 'Et est saepe consequuntur est est. Expedita deleniti deserunt suscipit dolores. Recusandae distinctio ex quia.', 3, '2019-04-22 12:56:10', '2019-04-22 12:56:10'),
(101, 14, 'Erick Cruickshank', 'Magni et accusamus dolores repudiandae ex atque pariatur. Illo dolor voluptatem voluptatem amet tempora dolorum ex. Et sit odit commodi ipsam exercitationem. Cum fuga dignissimos sed ut laborum.', 0, '2019-04-22 12:56:10', '2019-04-22 12:56:10'),
(102, 10, 'Prof. Colten Reilly Sr.', 'Consectetur sint quis ut quis aut. Hic modi placeat perspiciatis aliquam. Doloribus magni id nobis quo ea. Repellat ut nam quibusdam atque aliquid deserunt.', 1, '2019-04-22 12:56:10', '2019-04-22 12:56:10'),
(103, 21, 'Laverne McClure', 'Quis rerum impedit rerum sunt minima cupiditate quasi. Hic molestiae qui aut. Adipisci est quis facere assumenda. Quaerat excepturi dolores vel pariatur qui magnam perspiciatis debitis.', 0, '2019-04-22 12:56:10', '2019-04-22 12:56:10'),
(104, 35, 'Cooper Spinka', 'Officia quaerat quas animi et dolore saepe. Et est voluptas ut similique. Sit architecto illum minus repellendus possimus asperiores et. Saepe alias asperiores autem delectus dolorem modi dolore.', 5, '2019-04-22 12:56:10', '2019-04-22 12:56:10'),
(105, 39, 'Jarret Lakin PhD', 'Non facere iusto fuga perspiciatis. Architecto repellat illo et ut est perferendis. Modi voluptatem quam et. Sapiente fugiat esse consequatur quam similique ullam. Dolorum ut vel soluta ipsum.', 4, '2019-04-22 12:56:10', '2019-04-22 12:56:10'),
(106, 30, 'Janet Connelly PhD', 'Tenetur accusamus maxime fugit vel. Ut recusandae quod voluptas dolorum error. In commodi sapiente ut et minima veritatis. Aperiam in earum eum ab.', 1, '2019-04-22 12:56:10', '2019-04-22 12:56:10'),
(107, 20, 'Markus Goodwin', 'Distinctio eum sit beatae quisquam cupiditate et voluptas. Ex nostrum laborum laborum iste. Velit et ipsam explicabo nesciunt iste aliquid et minima.', 1, '2019-04-22 12:56:10', '2019-04-22 12:56:10'),
(108, 22, 'Golden Beatty', 'Fuga illo veniam nostrum repellendus enim qui. Ut harum laborum aliquid laudantium cumque rerum. Voluptates tenetur dignissimos rerum ut ducimus numquam hic.', 1, '2019-04-22 12:56:10', '2019-04-22 12:56:10'),
(109, 13, 'Rossie Toy', 'Quod doloribus dicta voluptatum aliquid aut. Et mollitia ut magni odit et culpa ut odio. Quaerat sed repellendus ex neque aliquam enim. Tenetur sunt fugit rerum necessitatibus sed. Recusandae nemo adipisci in et dicta consequuntur impedit ducimus.', 3, '2019-04-22 12:56:10', '2019-04-22 12:56:10'),
(110, 11, 'Ms. Corene Pagac DVM', 'Officiis at fugit facilis fugit voluptatibus. Dicta ut velit magni nostrum labore est. Enim error quidem rerum aliquam.', 5, '2019-04-22 12:56:10', '2019-04-22 12:56:10'),
(111, 15, 'Ralph Boyle III', 'Magnam alias a adipisci ab quis. Quia blanditiis doloribus omnis numquam saepe accusantium qui in.', 3, '2019-04-22 12:56:10', '2019-04-22 12:56:10'),
(112, 35, 'Mr. Arnulfo Ankunding', 'Nobis et natus laborum voluptatem ad consequatur. Voluptatum autem ut placeat praesentium. Fuga incidunt qui illo animi.', 2, '2019-04-22 12:56:10', '2019-04-22 12:56:10'),
(113, 42, 'Ashly Schuster', 'Accusamus ea quod voluptatem et aspernatur architecto. Velit ipsam et aut quidem facere ut. Totam nostrum velit commodi atque voluptas eum voluptates.', 2, '2019-04-22 12:56:10', '2019-04-22 12:56:10'),
(114, 37, 'Elise Murphy', 'Corporis delectus architecto quas est ea nemo. Eveniet ipsam ea consequatur vitae facilis. Est omnis aut magni. In rerum velit incidunt voluptatem repellendus cumque eum.', 3, '2019-04-22 12:56:10', '2019-04-22 12:56:10'),
(115, 29, 'Jay VonRueden', 'Nisi laudantium voluptas sint nihil illum doloribus. Omnis praesentium quia quia maxime aut. Ut quidem aut voluptas quaerat. Eaque aspernatur fuga praesentium autem hic eaque.', 5, '2019-04-22 12:56:10', '2019-04-22 12:56:10'),
(116, 41, 'Prof. Juana Goodwin', 'Quam eos ullam modi sed. Quis iure praesentium aut qui veritatis similique. Quia non distinctio asperiores sed.', 3, '2019-04-22 12:56:10', '2019-04-22 12:56:10'),
(117, 36, 'Ike Reichel', 'Deserunt rerum omnis explicabo. Id et beatae dolores. Labore saepe officiis voluptate tempora velit ratione tempora. Cupiditate labore suscipit fugiat pariatur et et sapiente.', 1, '2019-04-22 12:56:10', '2019-04-22 12:56:10'),
(118, 4, 'Dwight Keeling', 'Quia tempore doloremque repellendus recusandae. Vero quis praesentium delectus minima. Est aperiam in tempore exercitationem eum autem.', 4, '2019-04-22 12:56:10', '2019-04-22 12:56:10'),
(119, 12, 'Dr. Karson Strosin Sr.', 'Qui inventore cupiditate dolorum in natus eligendi quia. Ut et libero quasi vel sed.', 0, '2019-04-22 12:56:10', '2019-04-22 12:56:10'),
(120, 40, 'Mr. Ali Hudson', 'Magni et eligendi sed dicta sit asperiores quidem corrupti. At consequatur et adipisci qui optio nobis enim. Qui quasi velit voluptate ullam perspiciatis dolorem.', 5, '2019-04-22 12:56:10', '2019-04-22 12:56:10'),
(121, 10, 'Vernon Johnson', 'Doloremque laudantium labore magni accusantium sint blanditiis iste eos. Illum aliquid ad harum ut. Est incidunt deserunt impedit velit.', 2, '2019-04-22 12:56:10', '2019-04-22 12:56:10'),
(122, 3, 'Mr. Ricardo Hintz', 'Et deleniti consequuntur nihil distinctio. Omnis qui corrupti odit. Fuga culpa quaerat accusantium odio. Rerum officiis non dolorem consectetur possimus dolores consequuntur. Nemo quo quia rem tempora.', 0, '2019-04-22 12:56:10', '2019-04-22 12:56:10'),
(123, 33, 'Terence McGlynn', 'Et aut et provident consequatur delectus hic aliquam. Dolor maxime velit ut voluptatum molestiae rerum et. Sint possimus voluptas inventore voluptatem. Et odio inventore fugiat cum earum veritatis eos temporibus.', 5, '2019-04-22 12:56:10', '2019-04-22 12:56:10'),
(124, 29, 'Lempi Zieme', 'Ut ut architecto ut quo earum et cumque. Asperiores animi rerum explicabo quis ducimus. Dolores veniam ipsam sequi. Et dolores perspiciatis qui blanditiis tempora voluptate quas.', 3, '2019-04-22 12:56:10', '2019-04-22 12:56:10'),
(125, 41, 'Shawna Bayer Jr.', 'Debitis est impedit eum eius exercitationem quaerat dolore. Quasi consequatur et quia nulla hic cupiditate autem. Aut magnam omnis velit animi et. Unde aut modi sint quia nobis amet asperiores.', 1, '2019-04-22 12:56:10', '2019-04-22 12:56:10'),
(126, 17, 'Dr. Alize Feil DVM', 'Quod quaerat dolores rerum aut. Voluptatem vitae molestiae exercitationem eveniet vero quisquam quo incidunt. Enim sint ut eligendi ab repellendus ullam id. Illum iste omnis itaque quas. Veniam dolore omnis est laborum placeat libero vel.', 0, '2019-04-22 12:56:10', '2019-04-22 12:56:10'),
(127, 26, 'Felipe Blick', 'Aut aliquam ut autem qui rerum voluptatem fuga. Voluptatem nesciunt dicta in fugit. Eveniet cupiditate eveniet doloribus nulla eligendi ducimus illo. Vel et enim iste quia quaerat.', 0, '2019-04-22 12:56:10', '2019-04-22 12:56:10'),
(128, 10, 'Devan Luettgen IV', 'Sit ut provident est cumque. Aut autem doloribus distinctio quia dolore et. Soluta eum voluptatem consequatur aut quia. Est iusto eius ipsam facere reprehenderit vero est.', 1, '2019-04-22 12:56:10', '2019-04-22 12:56:10'),
(129, 18, 'Oda Auer', 'Architecto eius unde odio voluptas. Deserunt dicta error natus unde ut. Doloribus dignissimos non velit fugiat.', 0, '2019-04-22 12:56:10', '2019-04-22 12:56:10'),
(130, 32, 'Douglas Schowalter', 'Excepturi animi saepe doloremque quas cupiditate eveniet est illo. Officiis illo consequatur vel rerum aut. Cupiditate id beatae doloribus qui et et molestias adipisci. Dolorem necessitatibus deleniti dolorem in quasi.', 3, '2019-04-22 12:56:10', '2019-04-22 12:56:10'),
(131, 2, 'Novella Osinski', 'Atque qui sunt eveniet eligendi vitae eius fugiat. Ad doloremque est neque. Placeat sit rem libero aperiam.', 5, '2019-04-22 12:56:10', '2019-04-22 12:56:10'),
(132, 34, 'Dorcas Sporer', 'Dolor quas vero enim natus nobis et facilis. Molestias quod mollitia minima qui qui tempore libero. Id animi deserunt error a cum.', 3, '2019-04-22 12:56:10', '2019-04-22 12:56:10'),
(133, 32, 'Kian Steuber', 'Suscipit reiciendis voluptas nam qui aut nostrum odit. Voluptas optio quasi est. Magni consectetur id non vitae aliquid. Officiis deleniti quia fugit.', 4, '2019-04-22 12:56:10', '2019-04-22 12:56:10'),
(134, 6, 'Paul Welch MD', 'Aut voluptates aut aspernatur voluptates minus ut esse. Nesciunt minus quibusdam rerum inventore enim et commodi impedit. Dolorem cumque qui necessitatibus. Fuga aliquid quod dolores et.', 3, '2019-04-22 12:56:10', '2019-04-22 12:56:10'),
(135, 2, 'Hester McGlynn', 'Autem ut voluptatem eos facere inventore. Expedita consectetur sit aliquam magnam nihil est. Repellendus perspiciatis architecto rerum nihil perferendis repellendus quis. Vel voluptatem aut commodi rerum impedit id et.', 2, '2019-04-22 12:56:10', '2019-04-22 12:56:10'),
(136, 34, 'Karl Hahn Jr.', 'Non quod possimus error at vel alias exercitationem rerum. Aut non unde dolores aut quos. Est vel nostrum voluptatibus ab doloremque sit enim. Illo eos quo ut ea architecto consequatur.', 1, '2019-04-22 12:56:10', '2019-04-22 12:56:10'),
(137, 21, 'Mrs. Rhea Feest', 'Vero vero nulla cumque. Quia nulla aut odio autem ratione. Harum necessitatibus eveniet quam iste.', 1, '2019-04-22 12:56:10', '2019-04-22 12:56:10'),
(138, 11, 'Tamia Hickle', 'Dolor provident iure aut et. Quis excepturi at sed minus maxime explicabo aspernatur. Animi voluptas omnis ut modi.', 2, '2019-04-22 12:56:10', '2019-04-22 12:56:10'),
(139, 4, 'Mr. Rudy Padberg', 'Esse dolores ut aliquid est. Pariatur consequatur laboriosam odio ut veniam iste deleniti alias.', 5, '2019-04-22 12:56:10', '2019-04-22 12:56:10'),
(140, 43, 'Dr. Ambrose Roob', 'Temporibus at placeat fugit sit ut. Cumque consectetur velit excepturi officia ut. Quis sit dolorem mollitia ea sequi.', 1, '2019-04-22 12:56:10', '2019-04-22 12:56:10'),
(141, 22, 'Dr. Megane O\'Conner', 'Omnis ipsum modi enim dolores qui tempore nulla. Optio fuga saepe voluptatibus voluptas quasi omnis at. Distinctio tempora voluptas mollitia voluptas saepe incidunt ducimus.', 1, '2019-04-22 12:56:10', '2019-04-22 12:56:10'),
(142, 9, 'Miss Christy Cremin', 'Quas dolor omnis non sed iste consequuntur. Labore ut consequatur aut atque culpa officia aperiam. Voluptas fugit asperiores quia iure et qui rerum consequatur. Ad cupiditate quia et impedit incidunt reiciendis ex.', 1, '2019-04-22 12:56:10', '2019-04-22 12:56:10'),
(143, 3, 'Chester Reichel', 'Dolor voluptas numquam qui impedit magni. Sunt adipisci vitae voluptatem hic deserunt impedit qui. Repudiandae dolore ut quia repudiandae voluptatibus aliquam. Exercitationem dolor ullam ipsa id.', 5, '2019-04-22 12:56:10', '2019-04-22 12:56:10'),
(144, 5, 'Angelita Schowalter', 'Maxime in in sit sunt amet sed. Sit aut rerum facere aliquam. Ratione assumenda officiis itaque aut mollitia quis. Pariatur consequatur nesciunt consequatur unde aliquam sunt.', 4, '2019-04-22 12:56:10', '2019-04-22 12:56:10'),
(145, 34, 'Arjun Little', 'Qui similique assumenda suscipit provident vel accusamus natus aut. Nobis culpa est sint incidunt quo. Vitae numquam minus aspernatur qui dicta voluptatem.', 0, '2019-04-22 12:56:10', '2019-04-22 12:56:10'),
(146, 37, 'Lessie Lockman', 'Sint id magnam enim quaerat et. Animi ipsa qui tempore ex iusto esse cumque. Architecto corporis repudiandae recusandae et rerum inventore.', 3, '2019-04-22 12:56:10', '2019-04-22 12:56:10'),
(147, 40, 'Cesar Kreiger', 'Velit aliquam ut neque facilis delectus ut. Fugit dolor ipsa eos rerum iusto qui. Consequatur iure optio ea veritatis modi deserunt.', 0, '2019-04-22 12:56:10', '2019-04-22 12:56:10'),
(148, 33, 'Mr. Marley Mosciski I', 'Quia delectus pariatur quo et et vel saepe. Aliquid ut fugiat iste reprehenderit perspiciatis.', 2, '2019-04-22 12:56:10', '2019-04-22 12:56:10'),
(149, 44, 'Katrine Pfannerstill', 'Aliquam iure sit velit nihil. Nam rerum incidunt doloribus et ut placeat.', 4, '2019-04-22 12:56:10', '2019-04-22 12:56:10'),
(150, 28, 'Enid Metz', 'Nihil quo cupiditate aut. Maiores libero ut mollitia nobis tenetur. Maxime veniam porro vitae quo veniam ullam. Numquam velit dolore rerum et quo aut.', 1, '2019-04-22 12:56:10', '2019-04-22 12:56:10'),
(151, 2, 'Kenna Tillman', 'Nulla exercitationem ab et voluptatum qui. Quam eum consectetur est ut fuga rem placeat. Ut temporibus in ad.', 4, '2019-04-22 12:56:10', '2019-04-22 12:56:10'),
(152, 41, 'Verla Orn', 'Placeat et voluptatem accusamus. Sint voluptas soluta provident facere maiores voluptas cum ut. Perspiciatis at velit aut dolorem accusantium excepturi maiores nam.', 0, '2019-04-22 12:56:10', '2019-04-22 12:56:10'),
(153, 16, 'Kenton Doyle', 'Placeat placeat id illo necessitatibus rem. Tempora aut autem laboriosam eos excepturi quia. Qui sint odit earum ipsum vitae et quae.', 5, '2019-04-22 12:56:10', '2019-04-22 12:56:10'),
(154, 1, 'Darion Nolan III', 'Maxime voluptates natus vitae alias adipisci officiis. Nam et dolores ullam et.', 1, '2019-04-22 12:56:10', '2019-04-22 12:56:10'),
(155, 16, 'Mr. Tony Hills', 'Facere eligendi et eaque sed. Animi necessitatibus est eos quibusdam velit dolor. Aliquid et est delectus sed corrupti natus impedit.', 4, '2019-04-22 12:56:10', '2019-04-22 12:56:10'),
(156, 31, 'Mr. Alexys Von II', 'Libero qui nisi delectus qui error illum qui aliquid. Totam minima accusamus qui sit qui. Est rerum sed voluptate earum magni rerum non. Aut sint nam ea rerum delectus natus.', 0, '2019-04-22 12:56:10', '2019-04-22 12:56:10'),
(157, 17, 'Hollie Bogan', 'Sed esse aut impedit. Consequatur odio soluta sint et eos. Eum consequuntur omnis consequuntur voluptatem laudantium.', 2, '2019-04-22 12:56:10', '2019-04-22 12:56:10'),
(158, 15, 'Prof. Lue West DVM', 'Porro incidunt in qui quis illum a. Minus molestiae saepe blanditiis porro. Ipsum animi maiores at. In qui voluptatem voluptatem quo earum incidunt exercitationem ut.', 5, '2019-04-22 12:56:10', '2019-04-22 12:56:10'),
(159, 5, 'Dr. Nathaniel Jast IV', 'At a debitis non maxime numquam minima. Sit esse est ducimus dolore quam. Vel voluptas sint voluptas omnis.', 3, '2019-04-22 12:56:10', '2019-04-22 12:56:10'),
(160, 10, 'Dr. Fae Lehner MD', 'Est dignissimos ut maiores. Nulla et cumque voluptas ut nulla. Hic esse voluptatem modi dolorum maxime sapiente recusandae. Id illum qui nostrum nihil voluptas aut. Aut vel dolor iusto ut est illo et.', 0, '2019-04-22 12:56:10', '2019-04-22 12:56:10'),
(161, 36, 'Miss Marisa Heidenreich PhD', 'Nihil autem porro minus doloremque. Consequuntur eius est perferendis in.', 3, '2019-04-22 12:56:10', '2019-04-22 12:56:10'),
(162, 28, 'Mr. Darien Wiza', 'Et voluptate cum id natus blanditiis sed culpa ducimus. Et nam corrupti non omnis officia iure.', 4, '2019-04-22 12:56:10', '2019-04-22 12:56:10'),
(163, 18, 'Leonel Harvey PhD', 'Voluptas et eos pariatur distinctio. Molestias ea ipsam tempore corrupti ipsum et commodi id.', 0, '2019-04-22 12:56:10', '2019-04-22 12:56:10'),
(164, 15, 'Natalie Littel', 'Modi saepe aut quia vitae quod. Fugiat rerum vel ut eos aperiam. Et blanditiis est tempore nihil.', 5, '2019-04-22 12:56:10', '2019-04-22 12:56:10'),
(165, 42, 'Prof. Afton Harris', 'Quo sint quis aut vel. Molestiae alias et at molestias aut eligendi et. In qui doloremque inventore fugiat totam repellat recusandae. Iste ut cupiditate qui nihil veritatis.', 4, '2019-04-22 12:56:10', '2019-04-22 12:56:10'),
(166, 9, 'Mr. Filiberto Waelchi DDS', 'Esse consequuntur accusantium animi nisi. Praesentium iusto ut est sunt commodi dolorem deleniti. Architecto et quidem ut necessitatibus est. Ut nihil voluptatum error ut vero dolores explicabo. Recusandae recusandae nihil deleniti voluptatem.', 5, '2019-04-22 12:56:10', '2019-04-22 12:56:10'),
(167, 18, 'Prof. Trudie Reichert V', 'Et quos quae odio aut illo omnis iure. Inventore aspernatur architecto dolor.', 5, '2019-04-22 12:56:10', '2019-04-22 12:56:10'),
(168, 6, 'Payton Fahey', 'Similique sed ad rem velit exercitationem. Iste ut aspernatur sunt omnis. Et ad qui eveniet in eveniet blanditiis.', 0, '2019-04-22 12:56:10', '2019-04-22 12:56:10'),
(169, 50, 'Elijah Harber', 'Itaque quibusdam vel cum voluptatum reprehenderit beatae. Laudantium quos saepe repellat dolor voluptatem.', 2, '2019-04-22 12:56:10', '2019-04-22 12:56:10'),
(170, 20, 'Dr. Kim Dach MD', 'Nihil eligendi iusto molestiae reprehenderit aut. Modi culpa ut perspiciatis qui et quasi. Accusantium in repellat mollitia doloribus vel qui sequi.', 0, '2019-04-22 12:56:10', '2019-04-22 12:56:10'),
(171, 9, 'Herbert Cormier I', 'Corporis unde quis consectetur. Rem animi neque nisi. Et est delectus itaque reiciendis et.', 4, '2019-04-22 12:56:10', '2019-04-22 12:56:10'),
(172, 29, 'Izaiah King', 'Quaerat optio est ipsa officiis. Cupiditate commodi corrupti repudiandae sed rerum. Aut incidunt velit fugit doloremque et quas corporis.', 2, '2019-04-22 12:56:10', '2019-04-22 12:56:10'),
(173, 26, 'Dell Grant DDS', 'Aut maiores sint reprehenderit qui. Quos dolor voluptatem quas nobis omnis enim vitae. Ea sapiente illum doloribus magnam laudantium perferendis.', 0, '2019-04-22 12:56:10', '2019-04-22 12:56:10'),
(174, 47, 'Mr. Justus Maggio I', 'Iure qui enim placeat id. Iusto impedit consequatur atque enim. Error voluptatibus maiores earum. Et asperiores error quibusdam sint. Corrupti quis iure praesentium aperiam autem.', 2, '2019-04-22 12:56:10', '2019-04-22 12:56:10'),
(175, 6, 'Brenden Aufderhar', 'Dicta ipsam magnam vel pariatur qui omnis. Dolor qui vel aliquam deserunt provident inventore. Autem explicabo eaque est vel modi nihil. Non et quos minima rerum. Est impedit quisquam quia labore libero et.', 5, '2019-04-22 12:56:10', '2019-04-22 12:56:10'),
(176, 25, 'Alanna Bogan', 'Qui ut alias perferendis provident sit provident dolorem ipsum. Dolores quia sit ut et. Ullam sint ullam incidunt voluptas possimus repudiandae doloribus. Autem repellendus facilis quasi facilis harum culpa quam.', 3, '2019-04-22 12:56:10', '2019-04-22 12:56:10'),
(177, 15, 'Miss Rebeka Jast PhD', 'Voluptatem eum tempore asperiores officiis animi possimus. Ratione voluptatem qui tempore eos. Eius temporibus sit qui hic rerum voluptas dicta.', 3, '2019-04-22 12:56:10', '2019-04-22 12:56:10'),
(178, 45, 'Prof. Selina Wolff', 'Et explicabo nulla est omnis veritatis repellat voluptas. Enim in dolorem quaerat nemo repellat voluptatibus totam. Dolorem inventore quaerat suscipit. Impedit suscipit consectetur natus commodi. Pariatur rerum temporibus totam qui sequi iusto.', 1, '2019-04-22 12:56:10', '2019-04-22 12:56:10'),
(179, 50, 'Aileen Blick', 'Beatae occaecati ipsam eaque labore enim ad modi. Consequatur aut dolore non quia. Reprehenderit facere qui eius animi eaque at. Ullam quisquam sint velit omnis beatae dolor et.', 4, '2019-04-22 12:56:10', '2019-04-22 12:56:10'),
(180, 13, 'Cornelius Reynolds', 'Nisi dolorum ad ut mollitia eos atque expedita. Atque cumque consectetur minus. Nihil alias amet qui tempore ut.', 4, '2019-04-22 12:56:10', '2019-04-22 12:56:10'),
(181, 25, 'Fannie Buckridge', 'Aut deleniti aliquid sed consequuntur nihil. Error impedit molestiae rerum voluptatem sint. Earum magnam facere officiis et molestiae. Assumenda dolores tempora ad voluptates.', 0, '2019-04-22 12:56:10', '2019-04-22 12:56:10'),
(182, 25, 'Glenna Vandervort', 'Sit non maiores totam amet eum. Incidunt pariatur sed nulla aliquid. Itaque suscipit maiores architecto in sint.', 1, '2019-04-22 12:56:10', '2019-04-22 12:56:10'),
(183, 39, 'Otha Hermiston', 'Earum quas suscipit pariatur inventore sit perspiciatis voluptatum. Assumenda laboriosam corporis tempora beatae eos quis. Beatae voluptate aut beatae.', 2, '2019-04-22 12:56:10', '2019-04-22 12:56:10'),
(184, 10, 'Hilda Dooley', 'Possimus optio et dicta. Nostrum necessitatibus fugit dolorem rem ratione nemo. Velit dolores rerum dolor corporis deleniti. Ut minus voluptate quia eos exercitationem inventore qui.', 3, '2019-04-22 12:56:10', '2019-04-22 12:56:10'),
(185, 49, 'Ellsworth Fay', 'Consequatur sit autem deleniti ut provident at in molestiae. Cum ducimus amet voluptas explicabo voluptas. Quo officiis sed nobis odit consequatur. Delectus blanditiis cupiditate quia corrupti eveniet.', 3, '2019-04-22 12:56:10', '2019-04-22 12:56:10'),
(186, 30, 'Kasandra Feest', 'Inventore totam est et quo et eaque et. Nesciunt rerum ea id maxime magnam. Illum sunt unde ut est in voluptates. Et quos dolores officiis ea cupiditate.', 3, '2019-04-22 12:56:10', '2019-04-22 12:56:10'),
(187, 3, 'Prof. Piper Klocko', 'Odio aut impedit dolores repudiandae fugit dolorum ut blanditiis. Ab magnam rem cum ut. Culpa omnis rerum placeat dignissimos earum consectetur.', 5, '2019-04-22 12:56:10', '2019-04-22 12:56:10'),
(188, 9, 'Eddie Casper', 'Reprehenderit quia quisquam natus facilis at vel. Dolorem eum officiis cupiditate ut alias hic. Vel non dignissimos sunt ut dolores. Inventore sunt deleniti quasi facilis est numquam rerum. Rerum dolor veritatis est expedita.', 2, '2019-04-22 12:56:10', '2019-04-22 12:56:10'),
(189, 6, 'William Welch', 'Libero quidem vero odio adipisci consequatur. Hic eos magni possimus. Modi dolor neque numquam eligendi nobis unde.', 1, '2019-04-22 12:56:10', '2019-04-22 12:56:10'),
(190, 46, 'Elijah Koepp DVM', 'Beatae aliquam qui similique ut iusto ullam occaecati. Maxime deleniti laboriosam aspernatur et. Autem quibusdam et facere assumenda.', 0, '2019-04-22 12:56:10', '2019-04-22 12:56:10'),
(191, 1, 'Chelsey Cronin', 'Sit et voluptatibus et vero aut repellat totam. Laudantium nihil culpa ut quia ratione. Magnam aliquid eum error aperiam. Dolor repellendus repellendus consequuntur omnis.', 0, '2019-04-22 12:56:10', '2019-04-22 12:56:10'),
(192, 10, 'Peyton Renner III', 'Neque molestias magni iusto architecto. Perferendis fugiat qui inventore corporis. Eaque tempora esse veniam voluptas. At dolorem corrupti doloribus eum est dignissimos.', 5, '2019-04-22 12:56:10', '2019-04-22 12:56:10'),
(193, 5, 'Jerad Cole', 'Ipsa qui ut excepturi minima cumque. Quis omnis explicabo quibusdam aspernatur. Ut consequatur ipsa beatae reiciendis est perferendis. Voluptatem occaecati et eaque ut.', 3, '2019-04-22 12:56:10', '2019-04-22 12:56:10'),
(194, 50, 'Monte Fahey', 'Non eum mollitia sapiente dolores. Enim laboriosam itaque aut placeat dolor porro quidem. Voluptate consequuntur et deleniti nostrum vitae.', 4, '2019-04-22 12:56:10', '2019-04-22 12:56:10'),
(195, 30, 'Domingo Cremin', 'Nihil quibusdam vitae at harum necessitatibus quisquam. Enim eius voluptatem et accusantium eveniet a aliquam qui. Et molestiae est explicabo vel perspiciatis praesentium. Corrupti distinctio enim dicta consequuntur autem.', 1, '2019-04-22 12:56:10', '2019-04-22 12:56:10'),
(196, 32, 'Miss Shemar Blanda', 'Nobis id earum eum commodi tempore. Sed commodi aut sequi sit voluptatibus dolores id sint. Et quae nam autem eum.', 2, '2019-04-22 12:56:10', '2019-04-22 12:56:10'),
(197, 40, 'Prof. Jarrell Blick', 'Et aut a explicabo ut delectus consequuntur molestias. Veniam minus ducimus beatae. Maiores ullam et quod quo dignissimos aut voluptas. Numquam molestias non dignissimos et ut.', 2, '2019-04-22 12:56:10', '2019-04-22 12:56:10'),
(198, 2, 'Jed Kris IV', 'Voluptatum accusamus qui incidunt. Qui et quam officia voluptas ab deleniti. Debitis enim necessitatibus qui facere distinctio hic. Quidem consequatur autem perspiciatis pariatur totam quasi ipsam.', 5, '2019-04-22 12:56:10', '2019-04-22 12:56:10'),
(199, 45, 'Prof. Michale Huels', 'Qui voluptas assumenda ut eum saepe consequatur. Expedita dolorem consequatur esse autem veritatis quia aliquid reprehenderit. Unde unde unde nam in vero molestias eligendi quaerat.', 0, '2019-04-22 12:56:10', '2019-04-22 12:56:10'),
(200, 25, 'Easter Quigley III', 'Suscipit beatae praesentium provident voluptatem et asperiores enim. Recusandae tempora voluptate adipisci blanditiis magni velit. Culpa fugit sed cum. Nobis ratione rerum ut ipsum maxime enim et ullam.', 5, '2019-04-22 12:56:10', '2019-04-22 12:56:10'),
(201, 44, 'Hannah Lebsack', 'Voluptatum corporis tempora nobis praesentium quo nemo. Laborum quo provident dolor ut culpa accusantium nihil. Et excepturi consequatur magnam enim dolor corrupti sit. Neque ut deserunt nemo sed.', 3, '2019-04-22 12:56:10', '2019-04-22 12:56:10'),
(202, 37, 'Florian Osinski', 'Est quod similique autem repudiandae sunt eaque natus. Eos nulla architecto corrupti vitae. Sit aut rem ut quaerat consectetur harum. Autem occaecati deleniti consequatur voluptatem aliquid.', 0, '2019-04-22 12:56:10', '2019-04-22 12:56:10'),
(203, 5, 'Jonatan Block', 'Et aut nobis et nisi et magnam rem dolores. Maxime dolores doloremque modi ipsam. Aut voluptas asperiores quasi rerum. Et id libero distinctio placeat aperiam laborum.', 4, '2019-04-22 12:56:10', '2019-04-22 12:56:10'),
(204, 30, 'Tyler Littel', 'Assumenda quod in eos ipsum. Et enim quos ut totam dolorem totam eveniet. Doloribus eaque necessitatibus asperiores dolorem aut blanditiis.', 4, '2019-04-22 12:56:10', '2019-04-22 12:56:10'),
(205, 1, 'Pat Hansen', 'Non est exercitationem tenetur impedit eligendi aut sit. Dignissimos iusto fuga reprehenderit voluptate deleniti nesciunt totam veniam. Voluptatem cum modi est repellendus.', 2, '2019-04-22 12:56:10', '2019-04-22 12:56:10'),
(206, 15, 'Irving Bosco', 'Ipsum corrupti quia dignissimos illum reiciendis ipsa. Aut dolor placeat enim excepturi. Non error sit et sint voluptatem. Est aut at perspiciatis qui. Praesentium nostrum id ut aperiam.', 5, '2019-04-22 12:56:10', '2019-04-22 12:56:10'),
(207, 15, 'Lenora Bashirian MD', 'Ex non rerum quis et ut iste. Dolorum voluptas et molestiae molestias expedita culpa error nobis. Culpa nostrum quae et voluptates voluptates recusandae laudantium.', 3, '2019-04-22 12:56:10', '2019-04-22 12:56:10'),
(208, 36, 'Shawna Gulgowski', 'Repudiandae id consectetur fugiat sunt. Aut et consequatur blanditiis qui soluta ipsa. Saepe tempore itaque sint in et reprehenderit consequatur.', 2, '2019-04-22 12:56:10', '2019-04-22 12:56:10');
INSERT INTO `reviews` (`id`, `product_id`, `customer`, `review`, `star`, `created_at`, `updated_at`) VALUES
(209, 31, 'Dr. Roberto Johnston', 'Cupiditate omnis vel perferendis unde tempora. Enim et et adipisci commodi rerum. Natus blanditiis mollitia nobis aliquid nisi. Sed cupiditate ut unde aut perferendis.', 3, '2019-04-22 12:56:10', '2019-04-22 12:56:10'),
(210, 20, 'Vicente Deckow', 'Quos enim quas saepe est molestias. Id pariatur commodi natus reiciendis. Aut veniam dolorum facere rem. Quo vitae vel cum exercitationem id.', 2, '2019-04-22 12:56:10', '2019-04-22 12:56:10'),
(211, 40, 'Izabella Jenkins DDS', 'In esse et quo at enim qui a voluptas. Expedita ex magni consequatur praesentium. Maiores qui molestias sequi molestiae laudantium vero. Eius saepe enim odio sunt consequatur voluptatem minus et.', 1, '2019-04-22 12:56:10', '2019-04-22 12:56:10'),
(212, 41, 'Izabella Dickens DVM', 'Repellat adipisci quo nisi qui pariatur. Ut sint ut quidem vel. Doloribus perspiciatis omnis ut totam accusamus ducimus eos sapiente.', 0, '2019-04-22 12:56:10', '2019-04-22 12:56:10'),
(213, 45, 'Alana Goodwin', 'Aut fugit nihil ducimus fugit delectus eos. Possimus nesciunt a aut voluptatem dolore architecto ut. Velit officiis sint inventore ipsum voluptas nesciunt.', 1, '2019-04-22 12:56:10', '2019-04-22 12:56:10'),
(214, 19, 'Karolann Okuneva', 'Distinctio eum explicabo quis. Ut cupiditate repellat aspernatur ullam nostrum ipsam nihil. Et placeat voluptatem aut officiis.', 5, '2019-04-22 12:56:10', '2019-04-22 12:56:10'),
(215, 1, 'Rachael Konopelski', 'Sapiente debitis aut nam amet magnam. Magni eius inventore consequuntur suscipit. Mollitia necessitatibus numquam eum quo. Dignissimos sed provident harum quia pariatur repudiandae tenetur. Voluptatibus laborum voluptates dolores nobis aspernatur dolores.', 2, '2019-04-22 12:56:10', '2019-04-22 12:56:10'),
(216, 44, 'Mr. Mallory Crona', 'Laborum excepturi aperiam voluptatem in dolore et natus. Dolorum aspernatur nostrum et omnis. Velit explicabo voluptatem eum incidunt deserunt rem. Voluptatem in numquam temporibus dignissimos voluptatem amet quo rerum.', 3, '2019-04-22 12:56:10', '2019-04-22 12:56:10'),
(217, 45, 'Maida Hill', 'Ex reprehenderit est sint quibusdam blanditiis minus est. Quia dignissimos placeat animi nam maxime non. Ea cum sapiente est fuga.', 5, '2019-04-22 12:56:10', '2019-04-22 12:56:10'),
(218, 24, 'Finn Mueller I', 'Voluptas enim sed expedita voluptatem. Omnis voluptatem sit unde ad adipisci illo possimus. Deserunt dolor dolor saepe non saepe sed fuga pariatur.', 0, '2019-04-22 12:56:10', '2019-04-22 12:56:10'),
(219, 40, 'Luigi Kihn', 'Molestiae voluptas facilis ad maxime sed dicta. Odio in non tenetur repellat itaque. Cupiditate repellendus voluptatum omnis cumque nobis.', 5, '2019-04-22 12:56:10', '2019-04-22 12:56:10'),
(220, 45, 'Brianne Rosenbaum', 'Quibusdam quasi eos ipsa fugiat libero quis laborum sint. Qui unde ipsum velit dolores. Maiores quibusdam molestiae et ducimus sapiente. Recusandae nam ratione commodi minus placeat harum.', 0, '2019-04-22 12:56:10', '2019-04-22 12:56:10'),
(221, 35, 'Elinor Goyette', 'Excepturi deleniti corrupti asperiores unde. Aliquid quibusdam odio eligendi est. Esse saepe nesciunt sint nihil veniam delectus reiciendis. Ipsum in ea rerum asperiores enim quia aut.', 0, '2019-04-22 12:56:10', '2019-04-22 12:56:10'),
(222, 22, 'Jaycee Prosacco', 'Voluptate soluta nemo temporibus maiores ipsa commodi deserunt. Quaerat debitis id repellendus repudiandae nostrum. Facere est nihil et et explicabo reprehenderit. Ut est quidem veniam doloribus.', 3, '2019-04-22 12:56:10', '2019-04-22 12:56:10'),
(223, 4, 'Irving Paucek', 'Ut provident laboriosam velit ullam atque nemo. Voluptatum necessitatibus ad eum. Consectetur et qui odio voluptas explicabo.', 4, '2019-04-22 12:56:10', '2019-04-22 12:56:10'),
(224, 14, 'Chelsie Fay', 'Veniam saepe quas mollitia consequatur quibusdam ut. Voluptatem doloremque maxime sunt quasi at aspernatur. Repudiandae ad voluptatem exercitationem ipsam qui totam et.', 4, '2019-04-22 12:56:10', '2019-04-22 12:56:10'),
(225, 35, 'Prof. Royal Lesch II', 'Aut minus consequuntur autem. Quasi quia ut rerum quasi totam. Quibusdam qui consequuntur vel voluptatibus culpa eos et.', 2, '2019-04-22 12:56:10', '2019-04-22 12:56:10'),
(226, 47, 'Naomie Gutkowski', 'Molestiae voluptatibus ut quis dolore sed. Perferendis velit fugit eum et. Veniam illo dignissimos quia nemo. Explicabo harum esse non sed autem eum.', 5, '2019-04-22 12:56:10', '2019-04-22 12:56:10'),
(227, 30, 'Mr. Dean Nikolaus', 'Enim velit et dolores molestiae ea recusandae ut. Est id adipisci vero quisquam quasi est.', 2, '2019-04-22 12:56:10', '2019-04-22 12:56:10'),
(228, 45, 'Alanis Stiedemann', 'Doloribus aut iure ea reiciendis. Dignissimos est quo corrupti. Fugiat non aut incidunt quo sunt impedit illo.', 0, '2019-04-22 12:56:10', '2019-04-22 12:56:10'),
(229, 19, 'Gerry Considine I', 'Magnam voluptatem fugit incidunt est dolorem eos repellendus occaecati. Quia at maiores repellat voluptatem dolores aut odio. Ut debitis aut delectus consectetur itaque.', 4, '2019-04-22 12:56:10', '2019-04-22 12:56:10'),
(230, 9, 'Hilbert Rath I', 'Quasi doloribus repellendus et et totam. Hic qui molestiae provident vitae saepe et. Illo omnis et incidunt ab vero ex eaque aliquid. Rerum dolor praesentium molestiae facilis. Voluptatum dolorem iure praesentium ut eligendi.', 2, '2019-04-22 12:56:10', '2019-04-22 12:56:10'),
(231, 42, 'Prof. Orin Treutel I', 'Illo aut qui blanditiis aut dolorem inventore ut possimus. Ipsum repellat voluptas labore ipsum quidem. Possimus quia et eius nostrum facere.', 0, '2019-04-22 12:56:10', '2019-04-22 12:56:10'),
(232, 42, 'Dr. Torrance Marvin', 'Maiores dolorum molestias perspiciatis molestiae. Cumque sed atque fuga eveniet. Repudiandae tempore pariatur omnis sequi.', 4, '2019-04-22 12:56:10', '2019-04-22 12:56:10'),
(233, 19, 'Hattie Gerhold', 'Dicta dicta repellat tempora sint id quos id quod. Exercitationem ex sit nemo sunt. Minus vel dolorem in quidem.', 0, '2019-04-22 12:56:10', '2019-04-22 12:56:10'),
(234, 20, 'Karlie Grimes PhD', 'Corrupti nam possimus in laborum omnis ut. Necessitatibus numquam dolore veritatis enim dolorem porro cum.', 0, '2019-04-22 12:56:10', '2019-04-22 12:56:10'),
(235, 33, 'Tyrell Hackett', 'Harum sequi qui sequi tempore recusandae corporis. Voluptatem iste alias sed quo in qui et qui. Aut ea in labore suscipit. Consequatur sit corporis ut rerum et quo sunt.', 0, '2019-04-22 12:56:10', '2019-04-22 12:56:10'),
(236, 27, 'Ruthe Hudson', 'Voluptates odio deserunt earum dolorum ipsa. In nesciunt voluptatem repellat recusandae aperiam voluptates ut possimus. Illo molestiae occaecati porro sit ut.', 1, '2019-04-22 12:56:10', '2019-04-22 12:56:10'),
(237, 14, 'Dr. Devyn Goodwin MD', 'Quod assumenda et unde nemo sunt eligendi. Dolorum soluta modi ratione eos et debitis. Sed et voluptas omnis quas. Praesentium eos voluptatibus unde omnis perferendis et minima.', 3, '2019-04-22 12:56:10', '2019-04-22 12:56:10'),
(238, 1, 'Julie Schinner', 'Delectus eos sunt esse qui. Mollitia quia autem vero quaerat autem similique molestiae. Quisquam ratione cum in.', 4, '2019-04-22 12:56:10', '2019-04-22 12:56:10'),
(239, 33, 'Asha Reinger', 'Repellendus et quo molestias sit. Dolorum aut quia sit et dolores. Voluptas eum sunt et facilis voluptatem sed voluptas ut.', 3, '2019-04-22 12:56:10', '2019-04-22 12:56:10'),
(240, 48, 'Karley Zboncak', 'Error autem amet aspernatur ea autem. Ipsam veritatis repellendus fugiat inventore. Autem laudantium dolorem laboriosam et eos quis sed.', 1, '2019-04-22 12:56:10', '2019-04-22 12:56:10'),
(241, 42, 'Dr. Danyka Marvin PhD', 'Sapiente hic commodi cumque est. Tempore non autem est facilis facere voluptatem qui. Ipsum voluptas odio fuga neque harum.', 2, '2019-04-22 12:56:10', '2019-04-22 12:56:10'),
(242, 35, 'Mrs. Adell Stiedemann', 'Sed quos asperiores libero eius expedita consequatur. Corporis odio sunt ex non. Aut ea velit ut aliquam quasi. Sed tempora qui deleniti voluptatum omnis asperiores.', 5, '2019-04-22 12:56:10', '2019-04-22 12:56:10'),
(243, 14, 'Richie Ullrich IV', 'Eos repellat beatae voluptate eum quia iusto. Molestiae aut consequuntur asperiores esse. Et exercitationem sed id totam quia accusantium.', 3, '2019-04-22 12:56:10', '2019-04-22 12:56:10'),
(244, 30, 'Lane Witting III', 'Explicabo non aut eos. Doloremque doloremque quia velit repudiandae. Quaerat quia sapiente dolor tempora quo sint qui quos. Nam praesentium libero maiores facilis.', 5, '2019-04-22 12:56:10', '2019-04-22 12:56:10'),
(245, 16, 'Lorena Turner III', 'Amet veniam quod dolore eveniet harum. Aut quia doloremque id repudiandae repellat quae. Non sunt ullam consequuntur dolorem magnam doloremque.', 3, '2019-04-22 12:56:10', '2019-04-22 12:56:10'),
(246, 39, 'Hershel Wintheiser', 'Quidem et error corrupti animi voluptas et omnis. Animi fugiat excepturi blanditiis molestiae. Aut corrupti consectetur consequatur impedit autem amet accusantium aut. Delectus deleniti dolores esse harum atque voluptatem.', 4, '2019-04-22 12:56:10', '2019-04-22 12:56:10'),
(247, 26, 'Prof. Juston Abbott', 'Voluptas voluptatem et eum earum culpa aut. Et et aut voluptatem quas. Inventore autem voluptas et. Saepe nam ducimus qui placeat et.', 0, '2019-04-22 12:56:10', '2019-04-22 12:56:10'),
(248, 18, 'Dina Witting', 'Atque cupiditate quaerat qui aut fugit. Saepe aut qui nihil minus nam. Sed quas temporibus tempora tenetur.', 0, '2019-04-22 12:56:10', '2019-04-22 12:56:10'),
(249, 28, 'Mr. Madyson Koss', 'Unde rerum sit accusantium aut perspiciatis laudantium consequuntur ut. Minus eos officiis architecto voluptas perferendis. Sunt dolore occaecati veritatis quae nesciunt omnis quae.', 2, '2019-04-22 12:56:10', '2019-04-22 12:56:10'),
(250, 35, 'Tiffany Wiegand', 'Porro est itaque delectus similique vero fuga temporibus. Corrupti voluptatem animi velit. Cum architecto molestiae provident atque consectetur. Quam fugit omnis quis quo enim excepturi.', 2, '2019-04-22 12:56:10', '2019-04-22 12:56:10'),
(251, 36, 'Bartholome Roberts', 'Natus saepe quaerat mollitia at autem nihil. Ea quos molestiae deserunt occaecati enim voluptatibus placeat. Quaerat optio in a.', 5, '2019-04-22 12:56:10', '2019-04-22 12:56:10'),
(252, 45, 'Ora Ward', 'Qui accusantium dolores facere ullam. Pariatur numquam qui repellat et voluptas est sequi. Voluptas natus facilis aut sit modi.', 0, '2019-04-22 12:56:10', '2019-04-22 12:56:10'),
(253, 44, 'Rudy Bogisich MD', 'Et fugit accusamus non odit qui sit recusandae. Enim dolores nisi quidem ducimus modi. Rerum cupiditate suscipit dolorum placeat ea assumenda esse.', 4, '2019-04-22 12:56:10', '2019-04-22 12:56:10'),
(254, 33, 'Dr. Olaf Treutel Sr.', 'Consequatur veritatis nobis ab omnis. Necessitatibus illo dolorem aut dolores ea numquam dolorem. Voluptas earum sunt illum cum sit quia perspiciatis magni. Odio eligendi repellat rerum voluptatem amet.', 4, '2019-04-22 12:56:10', '2019-04-22 12:56:10'),
(255, 11, 'Eva Lehner', 'Veritatis eligendi qui ut aut veritatis quia quam. Nisi dolor eaque tenetur nihil. In quia atque quidem rerum et mollitia atque.', 1, '2019-04-22 12:56:10', '2019-04-22 12:56:10'),
(256, 5, 'Dr. Darrel Jacobson III', 'Vel atque consequatur aut. Sit natus autem rerum vel aspernatur totam qui est. Quod nam ut quae ullam.', 3, '2019-04-22 12:56:10', '2019-04-22 12:56:10'),
(257, 18, 'Abigail Rogahn', 'Recusandae laborum qui unde amet numquam porro. Reprehenderit amet et magnam est est consequatur animi. Reprehenderit cum corrupti nam vel assumenda est. Aspernatur est repellat qui quia dolores veritatis voluptas.', 0, '2019-04-22 12:56:10', '2019-04-22 12:56:10'),
(258, 34, 'Elisabeth Schaefer', 'Modi quidem laudantium ratione magni voluptate molestias unde. Voluptate quia similique culpa voluptatem enim doloribus. Rerum harum quo aut facere.', 3, '2019-04-22 12:56:10', '2019-04-22 12:56:10'),
(259, 42, 'Jedediah Kunze', 'Ipsum ducimus animi vitae quae sit aut adipisci doloremque. Voluptatem esse ad est mollitia. Numquam voluptate eos sit.', 5, '2019-04-22 12:56:10', '2019-04-22 12:56:10'),
(260, 14, 'Kelsi Balistreri', 'Omnis illum voluptatem est unde ipsam. Officiis placeat repellendus dolorum qui. Aut sunt assumenda deserunt sed expedita corrupti ea officiis.', 4, '2019-04-22 12:56:10', '2019-04-22 12:56:10'),
(261, 4, 'Naomi O\'Connell', 'Odit et repudiandae optio animi ut. Blanditiis voluptatem eveniet voluptas. Beatae earum deserunt doloribus magni rerum. Deleniti veritatis assumenda nam neque assumenda sit aliquid.', 4, '2019-04-22 12:56:10', '2019-04-22 12:56:10'),
(262, 25, 'Cali Flatley PhD', 'Suscipit recusandae ipsum repellendus rerum quia. Asperiores doloribus sit et molestias facilis voluptas ipsum. Modi harum debitis ut aliquam dolorem autem. Voluptate dolorem quas impedit aliquam.', 4, '2019-04-22 12:56:10', '2019-04-22 12:56:10'),
(263, 50, 'Virgie Barrows MD', 'Aut facilis consequuntur corrupti ducimus doloremque voluptates accusamus ea. Suscipit dolores repudiandae aliquid quaerat. Commodi alias quia deserunt deleniti vero fuga. Dolores dolor velit voluptatem ullam. Aspernatur et qui consequuntur suscipit.', 0, '2019-04-22 12:56:10', '2019-04-22 12:56:10'),
(264, 23, 'Albertha Hayes', 'Maxime dolores sunt iste in. Consequatur dolores praesentium vel sequi quis voluptas. Beatae quis maiores natus et et. In enim architecto veniam velit ea.', 3, '2019-04-22 12:56:10', '2019-04-22 12:56:10'),
(265, 27, 'Mr. Misael Padberg', 'Qui molestiae repellendus a tempora suscipit pariatur. Omnis facilis ullam quia corrupti. Quia consequuntur corrupti vel in quaerat quo fugit. Quibusdam aliquam est aut deserunt dolorem non similique.', 2, '2019-04-22 12:56:10', '2019-04-22 12:56:10'),
(266, 37, 'Zelda Prosacco', 'Facilis ut sequi voluptates consequatur quae. Enim voluptas perspiciatis nam sed iste nobis id. Rerum modi esse esse dicta eveniet sequi. Dolorem debitis voluptates tempora quia qui quisquam a.', 1, '2019-04-22 12:56:10', '2019-04-22 12:56:10'),
(267, 1, 'Cory Schmidt V', 'Aut et omnis eos ratione nemo officia quo. Cupiditate libero dignissimos culpa ea id dolore. Distinctio nulla voluptatem voluptas occaecati quis.', 0, '2019-04-22 12:56:10', '2019-04-22 12:56:10'),
(268, 48, 'Ian Rippin', 'Quam neque illo accusamus eum quasi. Ut sit animi magni. Eum minus quis sint quibusdam.', 4, '2019-04-22 12:56:10', '2019-04-22 12:56:10'),
(269, 30, 'Mr. Philip Sipes PhD', 'Facere quo pariatur recusandae repellendus quaerat natus repellendus. Aut harum sit est perspiciatis nihil. Asperiores accusamus numquam possimus.', 5, '2019-04-22 12:56:10', '2019-04-22 12:56:10'),
(270, 15, 'Walter Collier', 'Doloremque et et natus animi minima modi. Non placeat qui totam. Unde molestiae ratione est autem voluptatem.', 2, '2019-04-22 12:56:10', '2019-04-22 12:56:10'),
(271, 22, 'Mrs. Danielle Kovacek MD', 'Reprehenderit beatae optio corporis quos quidem. Ut est quia temporibus sunt. Consequatur corporis vitae dolor ab in possimus. Nesciunt quas aut eaque officia autem soluta.', 5, '2019-04-22 12:56:10', '2019-04-22 12:56:10'),
(272, 28, 'Estelle Blanda V', 'Aut et exercitationem aperiam accusamus. Nulla minima at est. Provident temporibus natus dolore consequatur.', 0, '2019-04-22 12:56:10', '2019-04-22 12:56:10'),
(273, 21, 'Dr. Ryley Rosenbaum DDS', 'Quia dolore ad qui ut dolor rerum quisquam magni. Officia ipsa adipisci dolores est assumenda non. Cupiditate ab quia sapiente corrupti aut soluta rerum veniam. Inventore esse quisquam similique inventore voluptate porro sed.', 1, '2019-04-22 12:56:10', '2019-04-22 12:56:10'),
(274, 31, 'Gilbert Price DDS', 'Vitae et temporibus similique expedita ratione. Dolorem quia deleniti laboriosam non tempora itaque nihil. Atque fugiat vitae quia ut dolorem.', 2, '2019-04-22 12:56:10', '2019-04-22 12:56:10'),
(275, 44, 'Amelie Baumbach', 'Voluptas consequatur dolore qui. Consectetur quo asperiores veniam velit in placeat qui. Illum quos quia aperiam illo non.', 0, '2019-04-22 12:56:10', '2019-04-22 12:56:10'),
(276, 12, 'Mrs. Ottilie Schaefer I', 'A sint dolor consequatur. Qui sit sit magni quidem accusamus et aperiam. Cupiditate omnis quis et esse nesciunt. Quia et ea minima ducimus eum cum.', 5, '2019-04-22 12:56:10', '2019-04-22 12:56:10'),
(277, 22, 'Prof. Frieda Balistreri DVM', 'Quod sed ut provident esse ut. Alias quos aut minus dolorem laborum dignissimos quaerat. Sed vitae soluta blanditiis nesciunt. Et eaque veniam quia dolores.', 1, '2019-04-22 12:56:10', '2019-04-22 12:56:10'),
(278, 31, 'Arlene Waters', 'Et iste labore nobis aliquam dolore nobis quia. Sapiente ut hic dolorum debitis voluptatem at. Qui ut corporis porro doloremque.', 0, '2019-04-22 12:56:10', '2019-04-22 12:56:10'),
(279, 34, 'Kaya Hodkiewicz', 'Et recusandae delectus dolores laboriosam. Voluptas corrupti vel impedit quia consequatur. Et at dicta consequatur minus. Amet ut deserunt modi sapiente.', 2, '2019-04-22 12:56:10', '2019-04-22 12:56:10'),
(280, 26, 'Russ Pagac', 'Animi est officia delectus quam enim ut. Dignissimos recusandae iste veniam est. Doloremque sint ut repudiandae occaecati natus consequuntur.', 2, '2019-04-22 12:56:10', '2019-04-22 12:56:10'),
(281, 23, 'Ewald Boehm', 'Assumenda reiciendis ea est rerum minus et adipisci. Quia eligendi et esse dicta modi vel voluptatem consectetur. Et exercitationem sit earum neque quod.', 3, '2019-04-22 12:56:10', '2019-04-22 12:56:10'),
(282, 41, 'Renee Funk', 'Impedit qui quam fugit placeat consectetur. Et delectus consequatur omnis. Eum rerum fugit delectus ipsam.', 4, '2019-04-22 12:56:10', '2019-04-22 12:56:10'),
(283, 46, 'Dr. Marina Corkery V', 'Error sed ea nisi eum iste autem. Dolorem est officiis suscipit distinctio mollitia sit. Quia id odio quasi quo sapiente modi perspiciatis. Aut tenetur et quia illum sed inventore aut. Suscipit a quae eum vel fuga nesciunt.', 2, '2019-04-22 12:56:10', '2019-04-22 12:56:10'),
(284, 19, 'Agnes Ratke', 'Quidem reprehenderit omnis et quidem rerum. Ut minus autem hic dolores vero id vel. Illo et ullam repudiandae dolores aut error. Et nulla suscipit beatae libero nesciunt aut.', 0, '2019-04-22 12:56:10', '2019-04-22 12:56:10'),
(285, 29, 'Dr. Donna Heathcote MD', 'Cumque quis id quo eum voluptatibus. Ut temporibus minima facilis corporis inventore dignissimos repudiandae. Non molestiae quis voluptas voluptatum hic.', 2, '2019-04-22 12:56:10', '2019-04-22 12:56:10'),
(286, 8, 'Prof. Deven Padberg', 'Tenetur exercitationem qui soluta quae animi. Ipsum rem autem vitae sequi.', 1, '2019-04-22 12:56:10', '2019-04-22 12:56:10'),
(287, 35, 'Cora Heathcote', 'Animi molestiae architecto odit eveniet eligendi. Voluptatem ipsum commodi perferendis maxime mollitia. Quam sunt qui necessitatibus ipsa est adipisci.', 0, '2019-04-22 12:56:10', '2019-04-22 12:56:10'),
(288, 21, 'Dr. Oda Feil DVM', 'Animi ipsa libero doloremque dolorem minus voluptatem. Molestias in repellat distinctio iste. Eos est ut perferendis libero beatae sunt praesentium est.', 4, '2019-04-22 12:56:10', '2019-04-22 12:56:10'),
(289, 6, 'Dr. Carter Leffler', 'Sed nulla fugit voluptas voluptates minima id veniam. Dolorem iusto rem amet voluptatibus ut. Omnis eum occaecati nostrum ut voluptatibus iste.', 2, '2019-04-22 12:56:10', '2019-04-22 12:56:10'),
(290, 36, 'Darby Nienow', 'Alias dolor illo deserunt qui id placeat corrupti nobis. Commodi architecto excepturi eum fugiat.', 0, '2019-04-22 12:56:10', '2019-04-22 12:56:10'),
(291, 27, 'Hayden Kautzer Jr.', 'Incidunt totam illum quasi recusandae. Voluptatem non qui quaerat praesentium expedita. Qui minima natus eum cupiditate ad dolorem autem saepe. Est ad similique corrupti consequatur.', 3, '2019-04-22 12:56:10', '2019-04-22 12:56:10'),
(292, 30, 'Greyson Graham', 'Error voluptatum eos ipsa incidunt neque quae. Est esse aut quis doloremque qui in sit. Qui numquam modi aliquid eaque sequi enim est. Tempore sed officiis ut voluptatibus et non.', 1, '2019-04-22 12:56:10', '2019-04-22 12:56:10'),
(293, 22, 'Mr. Israel Schmidt PhD', 'Rerum cum adipisci odit et nesciunt animi deleniti. Quo quis et esse dolor. Eum sed corrupti neque et. Quia laborum voluptatem fuga reprehenderit velit voluptatem. Sequi blanditiis non magni et sed laboriosam et quaerat.', 3, '2019-04-22 12:56:10', '2019-04-22 12:56:10'),
(294, 1, 'Dr. Aisha Spencer MD', 'Quibusdam fuga ad qui commodi non et. Quia fugit impedit eos quos praesentium non. Qui eos et consectetur quae.', 2, '2019-04-22 12:56:10', '2019-04-22 12:56:10'),
(295, 35, 'Aiyana Cremin', 'Rem qui eos nobis molestiae sit. Excepturi repellendus et incidunt architecto a aut. Beatae harum perferendis et molestiae suscipit repellendus.', 4, '2019-04-22 12:56:10', '2019-04-22 12:56:10'),
(296, 19, 'Maddison Padberg Sr.', 'Iusto nihil nobis odio explicabo vel quia. Dolores non ad et reprehenderit accusamus in. Minima voluptas molestias ipsam a illum sed.', 2, '2019-04-22 12:56:10', '2019-04-22 12:56:10'),
(297, 14, 'Prof. Jordi Cole', 'Commodi distinctio quia quis tenetur amet. Veniam facilis placeat asperiores reprehenderit eum magni sunt.', 5, '2019-04-22 12:56:10', '2019-04-22 12:56:10'),
(298, 3, 'Noemie Haley', 'Natus totam enim quia. Voluptatem porro qui et in error voluptas. Voluptas temporibus exercitationem voluptate veritatis vero itaque.', 2, '2019-04-22 12:56:10', '2019-04-22 12:56:10'),
(299, 47, 'Jeromy Halvorson', 'Est animi dolorem est qui. Sunt et sit suscipit quia.', 0, '2019-04-22 12:56:10', '2019-04-22 12:56:10'),
(300, 38, 'Demarco Wuckert', 'Provident quia ut quod qui. Aut officia voluptas ut natus hic omnis. Sapiente suscipit harum et iusto impedit a. Aspernatur molestiae in ullam quis alias ea. Rerum sapiente ut dolorum maxime quis.', 5, '2019-04-22 12:56:10', '2019-04-22 12:56:10');

-- --------------------------------------------------------

--
-- Table structure for table `users`
--

CREATE TABLE `users` (
  `id` bigint(20) UNSIGNED NOT NULL,
  `name` varchar(255) COLLATE utf8mb4_unicode_ci NOT NULL,
  `email` varchar(255) COLLATE utf8mb4_unicode_ci NOT NULL,
  `email_verified_at` timestamp NULL DEFAULT NULL,
  `password` varchar(255) COLLATE utf8mb4_unicode_ci NOT NULL,
  `remember_token` varchar(100) COLLATE utf8mb4_unicode_ci DEFAULT NULL,
  `created_at` timestamp NULL DEFAULT NULL,
  `updated_at` timestamp NULL DEFAULT NULL
) ENGINE=InnoDB DEFAULT CHARSET=utf8mb4 COLLATE=utf8mb4_unicode_ci;

--
-- Indexes for dumped tables
--

--
-- Indexes for table `migrations`
--
ALTER TABLE `migrations`
  ADD PRIMARY KEY (`id`);

--
-- Indexes for table `password_resets`
--
ALTER TABLE `password_resets`
  ADD KEY `password_resets_email_index` (`email`);

--
-- Indexes for table `products`
--
ALTER TABLE `products`
  ADD PRIMARY KEY (`id`);

--
-- Indexes for table `reviews`
--
ALTER TABLE `reviews`
  ADD PRIMARY KEY (`id`),
  ADD KEY `reviews_product_id_index` (`product_id`);

--
-- Indexes for table `users`
--
ALTER TABLE `users`
  ADD PRIMARY KEY (`id`),
  ADD UNIQUE KEY `users_email_unique` (`email`);

--
-- AUTO_INCREMENT for dumped tables
--

--
-- AUTO_INCREMENT for table `migrations`
--
ALTER TABLE `migrations`
  MODIFY `id` int(10) UNSIGNED NOT NULL AUTO_INCREMENT, AUTO_INCREMENT=12;

--
-- AUTO_INCREMENT for table `products`
--
ALTER TABLE `products`
  MODIFY `id` int(10) UNSIGNED NOT NULL AUTO_INCREMENT, AUTO_INCREMENT=51;

--
-- AUTO_INCREMENT for table `reviews`
--
ALTER TABLE `reviews`
  MODIFY `id` int(10) UNSIGNED NOT NULL AUTO_INCREMENT, AUTO_INCREMENT=301;

--
-- AUTO_INCREMENT for table `users`
--
ALTER TABLE `users`
  MODIFY `id` bigint(20) UNSIGNED NOT NULL AUTO_INCREMENT;

--
-- Constraints for dumped tables
--

--
-- Constraints for table `reviews`
--
ALTER TABLE `reviews`
  ADD CONSTRAINT `reviews_product_id_foreign` FOREIGN KEY (`product_id`) REFERENCES `products` (`id`) ON DELETE CASCADE;
